id,projectType,ProjectName,projectCategory,slug,slugId,PossessionStatus,projectAge,reraId,countryId,stateId,cityId,localityId,subLocalityId,projectSummary,possessionDate,projectId,landmark,FullAddress,pincode,propertyCategory,type,BHK,configurationId,bathrooms,privateBathrooms,publicBathrooms,balcony,furnishedType,furnishingType,lift,ageOfProperty,parkingType,listingType,floorPlanImage,carpetArea,Price,propertyImages,maintenanceCharges,aboutProperty,createdAt,updatedAt,Amenities
cmf53kkzy000fvcu8tx8jwjmr,RESIDENTIAL,ashwini,STANDALONE,luxury-ashwini-ashoknagar-chembur-mumbai-675058,,under construction,,"[""P99000056045""]",cmfw6qdtd0000vx6uelma0klf,cmf3ze56e0002vcf8e0hjqnsw,cmf6nu3ru000gvcxspxarll3v,cmf6pksk30035vcxs7r2mo3iq,cmfdkuymm0001vc90iiyzkr8d,,2025-09-28 00:00:00,cmf53kkzy000fvcu8tx8jwjmr,Babys school,mumbai chembur,411017,RESIDENTIAL,1BHK,nan,cmf53kkzz000ivcu89r5399s4,1,,,1.0,UNFURNISHED,[],False,,,Sell,https://pub-d28896f69c604ec5aa743cb0397740d9.r2.dev/1757584023815-67012c27580e3e23.jpg,123.0,11111111,"[""https://pub-d28896f69c604ec5aa743cb0397740d9.r2.dev/1756971672464-1e5179453b5df91d.jpg""]",,jjhhhu,2025-09-11 10:07:21.386,2025-09-11 10:07:21.386,nan
cmf53kkzy000fvcu8tx8jwjmr,RESIDENTIAL,ashwini,STANDALONE,luxury-ashwini-ashoknagar-chembur-mumbai-675058,,under construction,,"[""P99000056045""]",cmfw6qdtd0000vx6uelma0klf,cmf3ze56e0002vcf8e0hjqnsw,cmf6nu3ru000gvcxspxarll3v,cmf6pksk30035vcxs7r2mo3iq,cmfdkuymm0001vc90iiyzkr8d,,2025-09-28 00:00:00,cmf53kkzy000fvcu8tx8jwjmr,Babys school,mumbai chembur,411017,RESIDENTIAL,2BHK,nan,cmf53kl00000kvcu86ivy65di,0,,,2.0,UNFURNISHED,[],False,,,Sell,https://pub-d28896f69c604ec5aa743cb0397740d9.r2.dev/1756971672464-419924a4c5c28823.jpg,456.0,22222222,"[""https://pub-d28896f69c604ec5aa743cb0397740d9.r2.dev/1756971672464-7c8c73119cb2047b.jpg""]",,nbhjg,2025-09-11 10:07:26.152,2025-09-11 10:07:26.152,nan
cmf5r6hv00001vxptnfichhfl,RESIDENTIAL,pristine02,STANDALONE,pristine02-modelcolony-shivajinagar-pune-428955,,ready to move,0.0,"[""P52100032109""]",cmf3zcoe80000vcf8sd4qfpwd,cmf3ze56e0002vcf8e0hjqnsw,cmf6nu3ru000gvcxspxarll3v,cmf6pk0cn0033vcxshxbf5hdh,cmfdn705v001pvc90uyle9m34,,,cmf5r6hv00001vxptnfichhfl,Sai nagar ,"sr no 13 beside godrej, opposite to mca stadium, sai nagar, mamurdi, pune",412101,RESIDENTIAL,2BHK,2bhk,cmf5r6hv20004vxpt0l657blu,12,,,3.0,UNFURNISHED,[],False,,,Sell,https://pub-d28896f69c604ec5aa743cb0397740d9.r2.dev/1757011238520-ba6c9c4021ea321f.jpg,972.0,120000000,"[""https://pub-d28896f69c604ec5aa743cb0397740d9.r2.dev/1757011238541-c8a6e3aced460e18.jpg""]",faded ,about property ,2025-09-04 18:42:08.748,2025-09-04 18:42:08.748,nan
cmf5r6hv00001vxptnfichhfl,RESIDENTIAL,pristine02,STANDALONE,pristine02-modelcolony-shivajinagar-pune-428955,,ready to move,0.0,"[""P52100032109""]",cmf3zcoe80000vcf8sd4qfpwd,cmf3ze56e0002vcf8e0hjqnsw,cmf6nu3ru000gvcxspxarll3v,cmf6pk0cn0033vcxshxbf5hdh,cmfdn705v001pvc90uyle9m34,,,cmf5r6hv00001vxptnfichhfl,Sai nagar ,"sr no 13 beside godrej, opposite to mca stadium, sai nagar, mamurdi, pune",412101,RESIDENTIAL,2BHK,2bhk,cmf5r6hv20004vxpt0l657blu,3,,,2.0,UNFURNISHED,[],False,,,Sell,https://pub-d28896f69c604ec5aa743cb0397740d9.r2.dev/1757011238542-2d39a8b06669406b.jpg,188.73,210000000,"[""https://pub-d28896f69c604ec5aa743cb0397740d9.r2.dev/1757011238542-bd3d1a40c2d7fadb.jpg""]",,fsdaffdsafsfdddsa,2025-09-04 18:42:08.748,2025-09-04 18:42:08.748,nan
cmfawdrno0007vc18l0fm0z2j,RESIDENTIAL,gurukripa,COMPLEX,gurukripa-ashoknagar-chembur-mumbai-086047,,under construction,,"[""[\""P51800047648\""]""]",cmf3zcoe80000vcf8sd4qfpwd,cmf3ze56e0002vcf8e0hjqnsw,cmf50r5a00000vcj0k1iuocuu,cmf51ieam0001vcj0kljobiod,cmf51ix980003vcj0z7abv17k,,,cmfawdrno0007vc18l0fm0z2j,Sindhi Society,"sindhi society, near swami vivekanand jr college, chembur, mumbai harbour, mumbai",400071,RESIDENTIAL,1BHK,1bhk,cmfawdrnq000avc18qcvaxzi9,1,,,1.0,UNFURNISHED,[],False,,,Sell,https://pub-d28896f69c604ec5aa743cb0397740d9.r2.dev/1757322391101-b4e4be9945434d29.jpg,426.57,13000000,"[""https://pub-d28896f69c604ec5aa743cb0397740d9.r2.dev/1757322391106-7c383f81d9c66290.jpg""]",,na,2025-09-08 09:06:36.995,2025-09-08 09:06:36.995,nan
cmfawdrno0007vc18l0fm0z2j,RESIDENTIAL,gurukripa,COMPLEX,gurukripa-ashoknagar-chembur-mumbai-086047,,under construction,,"[""[\""P51800047648\""]""]",cmf3zcoe80000vcf8sd4qfpwd,cmf3ze56e0002vcf8e0hjqnsw,cmf50r5a00000vcj0k1iuocuu,cmf51ieam0001vcj0kljobiod,cmf51ix980003vcj0z7abv17k,,,cmfawdrno0007vc18l0fm0z2j,Sindhi Society,"sindhi society, near swami vivekanand jr college, chembur, mumbai harbour, mumbai",400071,RESIDENTIAL,1BHK,1bhk,cmfawdrnq000avc18qcvaxzi9,1,,,1.0,UNFURNISHED,[],False,,,Sell,https://pub-d28896f69c604ec5aa743cb0397740d9.r2.dev/1757322391141-e6c14becbdbd76a2.jpg,460.8,15000000,"[""https://pub-d28896f69c604ec5aa743cb0397740d9.r2.dev/1757322391150-9b806803ceb0c8b6.jpg""]",,na,2025-09-08 09:06:36.995,2025-09-08 09:06:36.995,nan
cmfawdrno0007vc18l0fm0z2j,RESIDENTIAL,gurukripa,COMPLEX,gurukripa-ashoknagar-chembur-mumbai-086047,,under construction,,"[""[\""P51800047648\""]""]",cmf3zcoe80000vcf8sd4qfpwd,cmf3ze56e0002vcf8e0hjqnsw,cmf50r5a00000vcj0k1iuocuu,cmf51ieam0001vcj0kljobiod,cmf51ix980003vcj0z7abv17k,,,cmfawdrno0007vc18l0fm0z2j,Sindhi Society,"sindhi society, near swami vivekanand jr college, chembur, mumbai harbour, mumbai",400071,RESIDENTIAL,3BHK,3bhk,cmfawdrnr000dvc188hupv4yy,3,,,2.0,UNFURNISHED,[],False,,,Sell,https://pub-d28896f69c604ec5aa743cb0397740d9.r2.dev/1757322391158-41329b8304cff17d.jpg,893.08,29000000,"[""https://pub-d28896f69c604ec5aa743cb0397740d9.r2.dev/1757322391167-19d3844213de86cb.jpg""]",,na,2025-09-08 09:06:36.995,2025-09-08 09:06:36.995,nan
cmfawdrno0007vc18l0fm0z2j,RESIDENTIAL,gurukripa,COMPLEX,gurukripa-ashoknagar-chembur-mumbai-086047,,under construction,,"[""[\""P51800047648\""]""]",cmf3zcoe80000vcf8sd4qfpwd,cmf3ze56e0002vcf8e0hjqnsw,cmf50r5a00000vcj0k1iuocuu,cmf51ieam0001vcj0kljobiod,cmf51ix980003vcj0z7abv17k,,,cmfawdrno0007vc18l0fm0z2j,Sindhi Society,"sindhi society, near swami vivekanand jr college, chembur, mumbai harbour, mumbai",400071,RESIDENTIAL,3BHK,3bhk,cmfawdrnr000dvc188hupv4yy,3,,,2.0,UNFURNISHED,[],False,,,Sell,https://pub-d28896f69c604ec5aa743cb0397740d9.r2.dev/1757322391179-7f2bff943c2805a5.jpg,918.27,29000000,"[""https://pub-d28896f69c604ec5aa743cb0397740d9.r2.dev/1757322391188-7b25319224e8a812.jpg""]",,na,2025-09-08 09:06:36.995,2025-09-08 09:06:36.995,nan
cmfawdrno0007vc18l0fm0z2j,RESIDENTIAL,gurukripa,COMPLEX,gurukripa-ashoknagar-chembur-mumbai-086047,,under construction,,"[""[\""P51800047648\""]""]",cmf3zcoe80000vcf8sd4qfpwd,cmf3ze56e0002vcf8e0hjqnsw,cmf50r5a00000vcj0k1iuocuu,cmf51ieam0001vcj0kljobiod,cmf51ix980003vcj0z7abv17k,,,cmfawdrno0007vc18l0fm0z2j,Sindhi Society,"sindhi society, near swami vivekanand jr college, chembur, mumbai harbour, mumbai",400071,RESIDENTIAL,2BHK,2bhk,cmfawdrnr000gvc18iunqlv98,2,,,2.0,UNFURNISHED,[],False,,,Sell,https://pub-d28896f69c604ec5aa743cb0397740d9.r2.dev/1757322391195-0e9c4aa442f80776.jpg,804.6,26000000,"[""https://pub-d28896f69c604ec5aa743cb0397740d9.r2.dev/1757322391202-e4d28b891dcb832f.jpg""]",,na,2025-09-08 09:06:36.995,2025-09-08 09:06:36.995,nan
cmfawdrno0007vc18l0fm0z2j,RESIDENTIAL,gurukripa,COMPLEX,gurukripa-ashoknagar-chembur-mumbai-086047,,under construction,,"[""[\""P51800047648\""]""]",cmf3zcoe80000vcf8sd4qfpwd,cmf3ze56e0002vcf8e0hjqnsw,cmf50r5a00000vcj0k1iuocuu,cmf51ieam0001vcj0kljobiod,cmf51ix980003vcj0z7abv17k,,,cmfawdrno0007vc18l0fm0z2j,Sindhi Society,"sindhi society, near swami vivekanand jr college, chembur, mumbai harbour, mumbai",400071,RESIDENTIAL,2BHK,2bhk,cmfawdrnr000gvc18iunqlv98,2,,,2.0,UNFURNISHED,[],False,,,Sell,https://pub-d28896f69c604ec5aa743cb0397740d9.r2.dev/1757322391210-70f3ad7351a09d4c.jpg,1036.67,33000000,"[""https://pub-d28896f69c604ec5aa743cb0397740d9.r2.dev/1757322391218-4ca8b878a42de5ae.jpg""]",,na,2025-09-08 09:06:36.995,2025-09-08 09:06:36.995,nan
cmfaxq2oo0020vc1806nmle00,RESIDENTIAL,hari om,STANDALONE,hari-om-ashoknagar-chembur-mumbai-650559,,under construction,,"[""P51800066536""]",cmf3zcoe80000vcf8sd4qfpwd,cmf3ze56e0002vcf8e0hjqnsw,cmf50r5a00000vcj0k1iuocuu,cmf51ieam0001vcj0kljobiod,cmfcec5ph007ivca007lzj3b3,,,cmfaxq2oo0020vc1806nmle00,Sindhi Society,"cts 300, plot no 37, opposite midtown 71, sindhi society, chembur, mumbai, maharashtra 400071",400069,RESIDENTIAL,1BHK,1bhk,cmfaxq2or0023vc18biodrtiy,1,,,1.0,UNFURNISHED,[],False,,,Sell,https://pub-d28896f69c604ec5aa743cb0397740d9.r2.dev/1757324645437-975f7a8ecca1de6d.jpg,443.37,13000000,"[""https://pub-d28896f69c604ec5aa743cb0397740d9.r2.dev/1757324645448-dbde48f7805f3bd0.jpg""]",,na,2025-09-08 09:44:10.775,2025-09-08 09:44:10.775,nan
cmfaxq2oo0020vc1806nmle00,RESIDENTIAL,hari om,STANDALONE,hari-om-ashoknagar-chembur-mumbai-650559,,under construction,,"[""P51800066536""]",cmf3zcoe80000vcf8sd4qfpwd,cmf3ze56e0002vcf8e0hjqnsw,cmf50r5a00000vcj0k1iuocuu,cmf51ieam0001vcj0kljobiod,cmfcec5ph007ivca007lzj3b3,,,cmfaxq2oo0020vc1806nmle00,Sindhi Society,"cts 300, plot no 37, opposite midtown 71, sindhi society, chembur, mumbai, maharashtra 400071",400069,RESIDENTIAL,2BHK,2bhk,cmfaxq2os0025vc18y99ryrns,2,,,2.0,UNFURNISHED,[],False,,,Sell,https://pub-d28896f69c604ec5aa743cb0397740d9.r2.dev/1757324645448-970dda42c441c73b.jpg,644.11,19000000,"[""https://pub-d28896f69c604ec5aa743cb0397740d9.r2.dev/1757324645449-b2f826d061804b98.jpg""]",,na,2025-09-08 09:44:10.775,2025-09-08 09:44:10.775,nan
cmfaxq2oo0020vc1806nmle00,RESIDENTIAL,hari om,STANDALONE,hari-om-ashoknagar-chembur-mumbai-650559,,under construction,,"[""P51800066536""]",cmf3zcoe80000vcf8sd4qfpwd,cmf3ze56e0002vcf8e0hjqnsw,cmf50r5a00000vcj0k1iuocuu,cmf51ieam0001vcj0kljobiod,cmfcec5ph007ivca007lzj3b3,,,cmfaxq2oo0020vc1806nmle00,Sindhi Society,"cts 300, plot no 37, opposite midtown 71, sindhi society, chembur, mumbai, maharashtra 400071",400069,RESIDENTIAL,3BHK,3bhk,cmfaxq2os0027vc1861948lln,3,,,2.0,UNFURNISHED,[],False,,,Sell,https://pub-d28896f69c604ec5aa743cb0397740d9.r2.dev/1757324645450-abde5eb3211c0467.jpg,798.57,23000000,"[""https://pub-d28896f69c604ec5aa743cb0397740d9.r2.dev/1757324645451-d9b3e0a968cfc871.jpg""]",,na,2025-09-08 09:44:10.775,2025-09-08 09:44:10.775,nan
cmfaycwy70036vc18ppmb8mwh,RESIDENTIAL,om makarand heights,STANDALONE,om-makarand-heights-ashoknagar-chembur-mumbai-716337,,under construction,,"[""P51800052217""]",cmf3zcoe80000vcf8sd4qfpwd,cmf3ze56e0002vcf8e0hjqnsw,cmf50r5a00000vcj0k1iuocuu,cmf6oxndf0021vcxsvog0r7bk,cmfcewd9m007svca0b4pla35a,,2025-09-21 00:00:00,cmfaycwy70036vc18ppmb8mwh,Hind high school,"104, yashvant seth jadhav marg, gauri shankar wadi no. 2, savitribai phule nagar, pant nagar, ghatkopar east, mumbai, maharashtra 400075",400075,RESIDENTIAL,1BHK,1bhk,cmfaycwy80039vc18b1epdodx,1,,,1.0,UNFURNISHED,[],False,,,Sell,https://pub-d28896f69c604ec5aa743cb0397740d9.r2.dev/1757325712590-57c98e762d3e95c3.jpg,379.0,850000,"[""https://pub-d28896f69c604ec5aa743cb0397740d9.r2.dev/1757325712591-aa79bad30786e10c.jpg""]",,na,2025-09-08 10:01:56.431,2025-09-08 10:01:56.431,nan
cmfaycwy70036vc18ppmb8mwh,RESIDENTIAL,om makarand heights,STANDALONE,om-makarand-heights-ashoknagar-chembur-mumbai-716337,,under construction,,"[""P51800052217""]",cmf3zcoe80000vcf8sd4qfpwd,cmf3ze56e0002vcf8e0hjqnsw,cmf50r5a00000vcj0k1iuocuu,cmf6oxndf0021vcxsvog0r7bk,cmfcewd9m007svca0b4pla35a,,2025-09-21 00:00:00,cmfaycwy70036vc18ppmb8mwh,Hind high school,"104, yashvant seth jadhav marg, gauri shankar wadi no. 2, savitribai phule nagar, pant nagar, ghatkopar east, mumbai, maharashtra 400075",400075,RESIDENTIAL,1BHK,1bhk,cmfaycwy80039vc18b1epdodx,1,,,1.0,UNFURNISHED,[],False,,,Sell,https://pub-d28896f69c604ec5aa743cb0397740d9.r2.dev/1757325712593-25cd2d9a5765be22.jpg,354.0,790000,"[""https://pub-d28896f69c604ec5aa743cb0397740d9.r2.dev/1757325712594-cd33c56e7db9cd37.jpg""]",,na,2025-09-08 10:01:56.431,2025-09-08 10:01:56.431,nan
cmfaycwy70036vc18ppmb8mwh,RESIDENTIAL,om makarand heights,STANDALONE,om-makarand-heights-ashoknagar-chembur-mumbai-716337,,under construction,,"[""P51800052217""]",cmf3zcoe80000vcf8sd4qfpwd,cmf3ze56e0002vcf8e0hjqnsw,cmf50r5a00000vcj0k1iuocuu,cmf6oxndf0021vcxsvog0r7bk,cmfcewd9m007svca0b4pla35a,,2025-09-21 00:00:00,cmfaycwy70036vc18ppmb8mwh,Hind high school,"104, yashvant seth jadhav marg, gauri shankar wadi no. 2, savitribai phule nagar, pant nagar, ghatkopar east, mumbai, maharashtra 400075",400075,RESIDENTIAL,1BHK,1bhk,cmfaycwy80039vc18b1epdodx,1,,,0.0,UNFURNISHED,[],False,,,Sell,https://pub-d28896f69c604ec5aa743cb0397740d9.r2.dev/1757325712597-accd128a6ea12d10.jpg,391.0,880000,"[""https://pub-d28896f69c604ec5aa743cb0397740d9.r2.dev/1757325712598-d2ac8b8887119ad8.jpg""]",,na,2025-09-08 10:01:56.431,2025-09-08 10:01:56.431,nan
cmfaycwy70036vc18ppmb8mwh,RESIDENTIAL,om makarand heights,STANDALONE,om-makarand-heights-ashoknagar-chembur-mumbai-716337,,under construction,,"[""P51800052217""]",cmf3zcoe80000vcf8sd4qfpwd,cmf3ze56e0002vcf8e0hjqnsw,cmf50r5a00000vcj0k1iuocuu,cmf6oxndf0021vcxsvog0r7bk,cmfcewd9m007svca0b4pla35a,,2025-09-21 00:00:00,cmfaycwy70036vc18ppmb8mwh,Hind high school,"104, yashvant seth jadhav marg, gauri shankar wadi no. 2, savitribai phule nagar, pant nagar, ghatkopar east, mumbai, maharashtra 400075",400075,RESIDENTIAL,2BHK,2bhk,cmfaycwy9003dvc1853ic14wb,2,,,2.0,UNFURNISHED,[],False,,,Sell,https://pub-d28896f69c604ec5aa743cb0397740d9.r2.dev/1757325712599-4bd849d13fb20425.jpg,536.0,12000000,"[""https://pub-d28896f69c604ec5aa743cb0397740d9.r2.dev/1757325712607-8e031215d719e572.jpg""]",,na,2025-09-08 10:01:56.431,2025-09-08 10:01:56.431,nan
cmfaycwy70036vc18ppmb8mwh,RESIDENTIAL,om makarand heights,STANDALONE,om-makarand-heights-ashoknagar-chembur-mumbai-716337,,under construction,,"[""P51800052217""]",cmf3zcoe80000vcf8sd4qfpwd,cmf3ze56e0002vcf8e0hjqnsw,cmf50r5a00000vcj0k1iuocuu,cmf6oxndf0021vcxsvog0r7bk,cmfcewd9m007svca0b4pla35a,,2025-09-21 00:00:00,cmfaycwy70036vc18ppmb8mwh,Hind high school,"104, yashvant seth jadhav marg, gauri shankar wadi no. 2, savitribai phule nagar, pant nagar, ghatkopar east, mumbai, maharashtra 400075",400075,RESIDENTIAL,2BHK,2bhk,cmfaycwy9003dvc1853ic14wb,2,,,2.0,UNFURNISHED,[],False,,,Sell,https://pub-d28896f69c604ec5aa743cb0397740d9.r2.dev/1757325712608-05900f06f63a6dfa.jpg,650.0,14000000,"[""https://pub-d28896f69c604ec5aa743cb0397740d9.r2.dev/1757325712608-e94b60550c5c2690.jpg""]",,na,2025-09-08 10:01:56.431,2025-09-08 10:01:56.431,nan
cmfc6pq1k0001vca0ikzb258m,RESIDENTIAL,sainath vrindavan,STANDALONE,luxury-sainath-vrindavan-ashoknagar-chembur-mumbai-216861,,under construction,,"[""[\""P51800049646\""]""]",cmf3zcoe80000vcf8sd4qfpwd,cmf3ze56e0002vcf8e0hjqnsw,cmf50r5a00000vcj0k1iuocuu,cmf51ieam0001vcj0kljobiod,cmf51ix980003vcj0z7abv17k,,,cmfc6pq1k0001vca0ikzb258m,JBCN International School Mulund,prataprao gujar rd neelam nagar mulund east mumbai maharashtra 400081,400081,RESIDENTIAL,1BHK,1bhk,cmfc6pq1m0004vca0cdihsx99,1,,,1.0,UNFURNISHED,[],False,,,Sell,https://pub-d28896f69c604ec5aa743cb0397740d9.r2.dev/1757400210633-ec5431f188d4de3c.jpg,457.57,12000000,"[""https://pub-d28896f69c604ec5aa743cb0397740d9.r2.dev/1757400210665-ab087e966ba018ff.jpg""]",,na,2025-09-09 06:43:37.112,2025-09-09 06:43:37.112,nan
cmfc6pq1k0001vca0ikzb258m,RESIDENTIAL,sainath vrindavan,STANDALONE,luxury-sainath-vrindavan-ashoknagar-chembur-mumbai-216861,,under construction,,"[""[\""P51800049646\""]""]",cmf3zcoe80000vcf8sd4qfpwd,cmf3ze56e0002vcf8e0hjqnsw,cmf50r5a00000vcj0k1iuocuu,cmf51ieam0001vcj0kljobiod,cmf51ix980003vcj0z7abv17k,,,cmfc6pq1k0001vca0ikzb258m,JBCN International School Mulund,prataprao gujar rd neelam nagar mulund east mumbai maharashtra 400081,400081,RESIDENTIAL,2BHK,2bhk,cmfc6pq1m0006vca04kqz1wsp,2,,,2.0,UNFURNISHED,[],False,,,Sell,https://pub-d28896f69c604ec5aa743cb0397740d9.r2.dev/1757400210671-c54804f690eac296.jpg,652.83,17000000,"[""https://pub-d28896f69c604ec5aa743cb0397740d9.r2.dev/1757400210672-3f6998fafc9e8521.jpg""]",,na,2025-09-09 06:43:37.112,2025-09-09 06:43:37.112,nan
cmfc6pq1k0001vca0ikzb258m,RESIDENTIAL,sainath vrindavan,STANDALONE,luxury-sainath-vrindavan-ashoknagar-chembur-mumbai-216861,,under construction,,"[""[\""P51800049646\""]""]",cmf3zcoe80000vcf8sd4qfpwd,cmf3ze56e0002vcf8e0hjqnsw,cmf50r5a00000vcj0k1iuocuu,cmf51ieam0001vcj0kljobiod,cmf51ix980003vcj0z7abv17k,,,cmfc6pq1k0001vca0ikzb258m,JBCN International School Mulund,prataprao gujar rd neelam nagar mulund east mumbai maharashtra 400081,400081,RESIDENTIAL,2BHK,2bhk,cmfc6pq1m0006vca04kqz1wsp,2,,,2.0,UNFURNISHED,[],False,,,Sell,https://pub-d28896f69c604ec5aa743cb0397740d9.r2.dev/1757400210675-be2512dbfae0b3f7.jpg,728.5,19000000,"[""https://pub-d28896f69c604ec5aa743cb0397740d9.r2.dev/1757400210678-f61b2d8c4b4a4a50.jpg""]",,na,2025-09-09 06:43:37.112,2025-09-09 06:43:37.112,nan
cmfc6pq1k0001vca0ikzb258m,RESIDENTIAL,sainath vrindavan,STANDALONE,luxury-sainath-vrindavan-ashoknagar-chembur-mumbai-216861,,under construction,,"[""[\""P51800049646\""]""]",cmf3zcoe80000vcf8sd4qfpwd,cmf3ze56e0002vcf8e0hjqnsw,cmf50r5a00000vcj0k1iuocuu,cmf51ieam0001vcj0kljobiod,cmf51ix980003vcj0z7abv17k,,,cmfc6pq1k0001vca0ikzb258m,JBCN International School Mulund,prataprao gujar rd neelam nagar mulund east mumbai maharashtra 400081,400081,RESIDENTIAL,3BHK,3bhk,cmfc6pq1m0009vca0tmv501em,3,,,2.0,UNFURNISHED,[],False,,,Sell,https://pub-d28896f69c604ec5aa743cb0397740d9.r2.dev/1757400210681-7ca76e0e6739c3c1.jpg,1240.22,33000000,"[""https://pub-d28896f69c604ec5aa743cb0397740d9.r2.dev/1757400210682-37e9e8c4f43b5b32.jpg""]",,na,2025-09-09 06:43:37.112,2025-09-09 06:43:37.112,nan
cmfc79ip5001cvca0qht6o44p,RESIDENTIAL,avenue 15,STANDALONE,avenue-15-ashoknagar-chembur-mumbai-140508,,under construction,,"[""[\""P51900032165\""]""]",cmf3zcoe80000vcf8sd4qfpwd,cmf3ze56e0002vcf8e0hjqnsw,cmf50r5a00000vcj0k1iuocuu,cmf51ieam0001vcj0kljobiod,cmf51ix980003vcj0z7abv17k,,,cmfc79ip5001cvca0qht6o44p,JBCN International School Parel,avenue 15 ramesh barrel supplying company k.t.gupta wadi s.p.murai rd behind sewri road sewri w maharashtra 400015,400015,RESIDENTIAL,1BHK,1bhk,cmfc79ip7001fvca0dhfqinl1,1,,,0.0,UNFURNISHED,[],False,,,Sell,https://pub-d28896f69c604ec5aa743cb0397740d9.r2.dev/1757401136185-abf1e76a1175f931.jpg,416.56,9890000,"[""https://pub-d28896f69c604ec5aa743cb0397740d9.r2.dev/1757401136186-23bdb16c58a9e122.jpg""]",,na,2025-09-09 06:59:00.713,2025-09-09 06:59:00.713,nan
cmfc79ip5001cvca0qht6o44p,RESIDENTIAL,avenue 15,STANDALONE,avenue-15-ashoknagar-chembur-mumbai-140508,,under construction,,"[""[\""P51900032165\""]""]",cmf3zcoe80000vcf8sd4qfpwd,cmf3ze56e0002vcf8e0hjqnsw,cmf50r5a00000vcj0k1iuocuu,cmf51ieam0001vcj0kljobiod,cmf51ix980003vcj0z7abv17k,,,cmfc79ip5001cvca0qht6o44p,JBCN International School Parel,avenue 15 ramesh barrel supplying company k.t.gupta wadi s.p.murai rd behind sewri road sewri w maharashtra 400015,400015,RESIDENTIAL,1BHK,1bhk,cmfc79ip7001fvca0dhfqinl1,1,,,1.0,UNFURNISHED,[],False,,,Sell,https://pub-d28896f69c604ec5aa743cb0397740d9.r2.dev/1757401136186-d8d90b0f32b32c7f.jpg,438.63,14000000,"[""https://pub-d28896f69c604ec5aa743cb0397740d9.r2.dev/1757401136187-7ce77cd129550d77.jpg""]",,na,2025-09-09 06:59:00.713,2025-09-09 06:59:00.713,nan
cmfc79ip5001cvca0qht6o44p,RESIDENTIAL,avenue 15,STANDALONE,avenue-15-ashoknagar-chembur-mumbai-140508,,under construction,,"[""[\""P51900032165\""]""]",cmf3zcoe80000vcf8sd4qfpwd,cmf3ze56e0002vcf8e0hjqnsw,cmf50r5a00000vcj0k1iuocuu,cmf51ieam0001vcj0kljobiod,cmf51ix980003vcj0z7abv17k,,,cmfc79ip5001cvca0qht6o44p,JBCN International School Parel,avenue 15 ramesh barrel supplying company k.t.gupta wadi s.p.murai rd behind sewri road sewri w maharashtra 400015,400015,RESIDENTIAL,2BHK,2bhk,cmfc79ip7001ivca0pjtsq247,2,,,2.0,UNFURNISHED,[],False,,,Sell,https://pub-d28896f69c604ec5aa743cb0397740d9.r2.dev/1757401136187-1ecea6707162bfe7.jpg,653.15,15000000,"[""https://pub-d28896f69c604ec5aa743cb0397740d9.r2.dev/1757401136188-b404a27ba98528f4.jpg""]",,na,2025-09-09 06:59:00.713,2025-09-09 06:59:00.713,nan
cmfc80zv1002dvca0hcgoc6ea,COMMERCIAL,swaroop aditya avenue,STANDALONE,swaroop-aditya-avenue-ashoknagar-chembur-mumbai-422427,,under construction,,"[""[\""P51800017168\""]""]",cmf3zcoe80000vcf8sd4qfpwd,cmf3ze56e0002vcf8e0hjqnsw,cmf50r5a00000vcj0k1iuocuu,cmf51ieam0001vcj0kljobiod,cmf51ix980003vcj0z7abv17k,,,cmfc80zv1002dvca0hcgoc6ea,Infiniti Mall ,"swaroop aditya avenue, sheraton hotel, marol pipeline rd, near itc maratha, kanti nagar, j b nagar, andheri east, mumbai, maharashtra 400099",400099,COMMERCIAL,Office,office,cmfc80zv3002gvca08q08d09k,1,1.0,1.0,,UNFURNISHED,[],False,,,Sell,https://pub-d28896f69c604ec5aa743cb0397740d9.r2.dev/1757402417345-d65dfb1fd5d0d077.jpg,239.0,5975000,"[""https://pub-d28896f69c604ec5aa743cb0397740d9.r2.dev/1757402417346-ede3eaf6864e2efa.jpg""]",,na,2025-09-09 07:20:22.669,2025-09-09 07:20:22.669,nan
cmfc80zv1002dvca0hcgoc6ea,COMMERCIAL,swaroop aditya avenue,STANDALONE,swaroop-aditya-avenue-ashoknagar-chembur-mumbai-422427,,under construction,,"[""[\""P51800017168\""]""]",cmf3zcoe80000vcf8sd4qfpwd,cmf3ze56e0002vcf8e0hjqnsw,cmf50r5a00000vcj0k1iuocuu,cmf51ieam0001vcj0kljobiod,cmf51ix980003vcj0z7abv17k,,,cmfc80zv1002dvca0hcgoc6ea,Infiniti Mall ,"swaroop aditya avenue, sheraton hotel, marol pipeline rd, near itc maratha, kanti nagar, j b nagar, andheri east, mumbai, maharashtra 400099",400099,COMMERCIAL,Office,office,cmfc80zv3002gvca08q08d09k,1,1.0,1.0,,UNFURNISHED,[],False,,,Sell,https://pub-d28896f69c604ec5aa743cb0397740d9.r2.dev/1757402417346-59bcce3ff8c17194.jpg,309.0,7720000,"[""https://pub-d28896f69c604ec5aa743cb0397740d9.r2.dev/1757402417347-f5e0ac2f495d60e1.jpg""]",,na,2025-09-09 07:20:22.669,2025-09-09 07:20:22.669,nan
cmfc80zv1002dvca0hcgoc6ea,COMMERCIAL,swaroop aditya avenue,STANDALONE,swaroop-aditya-avenue-ashoknagar-chembur-mumbai-422427,,under construction,,"[""[\""P51800017168\""]""]",cmf3zcoe80000vcf8sd4qfpwd,cmf3ze56e0002vcf8e0hjqnsw,cmf50r5a00000vcj0k1iuocuu,cmf51ieam0001vcj0kljobiod,cmf51ix980003vcj0z7abv17k,,,cmfc80zv1002dvca0hcgoc6ea,Infiniti Mall ,"swaroop aditya avenue, sheraton hotel, marol pipeline rd, near itc maratha, kanti nagar, j b nagar, andheri east, mumbai, maharashtra 400099",400099,COMMERCIAL,Office,office,cmfc80zv3002gvca08q08d09k,0,0.0,0.0,,UNFURNISHED,[],False,,,Sell,https://pub-d28896f69c604ec5aa743cb0397740d9.r2.dev/1757402417348-0cca2389f798785c.jpg,634.0,15000000,"[""https://pub-d28896f69c604ec5aa743cb0397740d9.r2.dev/1757402417348-9bfc082c0bba270f.jpg""]",,,2025-09-09 07:20:22.669,2025-09-09 07:20:22.669,nan
cmfc8w1e8003dvca0yvieggaz,RESIDENTIAL,marigold miraaya,TOWNSHIP,luxury-marigold-miraaya--ashoknagar-chembur-mumbai-870766,,under construction,,"[""[\""P51800003669\""]""]",cmf3zcoe80000vcf8sd4qfpwd,cmf3ze56e0002vcf8e0hjqnsw,cmf50r5a00000vcj0k1iuocuu,cmf51ieam0001vcj0kljobiod,cmf51ix980003vcj0z7abv17k,,,cmfc8w1e8003dvca0yvieggaz,R Mall,"marigold miraaya, purushottam kheraj rd, asha nagar, mulund west, mumbai, maharashtra 400080",400080,RESIDENTIAL,2BHK,2bhk,cmfc8w1e9003gvca0vfq51lrw,2,,,2.0,UNFURNISHED,[],False,,,Sell,https://pub-d28896f69c604ec5aa743cb0397740d9.r2.dev/1757403866053-185c21624393f002.jpg,637.76,8900000,"[""https://pub-d28896f69c604ec5aa743cb0397740d9.r2.dev/1757403866054-3b21d5295d1b7bce.jpg""]",,na,2025-09-09 07:44:30.992,2025-09-09 07:44:30.992,nan
cmfc8w1e8003dvca0yvieggaz,RESIDENTIAL,marigold miraaya,TOWNSHIP,luxury-marigold-miraaya--ashoknagar-chembur-mumbai-870766,,under construction,,"[""[\""P51800003669\""]""]",cmf3zcoe80000vcf8sd4qfpwd,cmf3ze56e0002vcf8e0hjqnsw,cmf50r5a00000vcj0k1iuocuu,cmf51ieam0001vcj0kljobiod,cmf51ix980003vcj0z7abv17k,,,cmfc8w1e8003dvca0yvieggaz,R Mall,"marigold miraaya, purushottam kheraj rd, asha nagar, mulund west, mumbai, maharashtra 400080",400080,RESIDENTIAL,2BHK,2bhk,cmfc8w1e9003gvca0vfq51lrw,2,,,2.0,UNFURNISHED,[],False,,,Sell,https://pub-d28896f69c604ec5aa743cb0397740d9.r2.dev/1757403866054-1c8c078c7503aa74.jpg,783.83,10000000,"[""https://pub-d28896f69c604ec5aa743cb0397740d9.r2.dev/1757403866054-19520d6cb5866f61.jpg""]",,na,2025-09-09 07:44:30.992,2025-09-09 07:44:30.992,nan
cmfc8w1e8003dvca0yvieggaz,RESIDENTIAL,marigold miraaya,TOWNSHIP,luxury-marigold-miraaya--ashoknagar-chembur-mumbai-870766,,under construction,,"[""[\""P51800003669\""]""]",cmf3zcoe80000vcf8sd4qfpwd,cmf3ze56e0002vcf8e0hjqnsw,cmf50r5a00000vcj0k1iuocuu,cmf51ieam0001vcj0kljobiod,cmf51ix980003vcj0z7abv17k,,,cmfc8w1e8003dvca0yvieggaz,R Mall,"marigold miraaya, purushottam kheraj rd, asha nagar, mulund west, mumbai, maharashtra 400080",400080,RESIDENTIAL,2BHK,2bhk,cmfc8w1e9003gvca0vfq51lrw,2,,,0.0,UNFURNISHED,[],False,,,Sell,https://pub-d28896f69c604ec5aa743cb0397740d9.r2.dev/1757403866054-f05bbc2ef47cc262.jpg,719.46,10000000,"[""https://pub-d28896f69c604ec5aa743cb0397740d9.r2.dev/1757403866054-18d491c4116a4a1d.jpg""]",,na,2025-09-09 07:44:30.992,2025-09-09 07:44:30.992,nan
cmfc8w1e8003dvca0yvieggaz,RESIDENTIAL,marigold miraaya,TOWNSHIP,luxury-marigold-miraaya--ashoknagar-chembur-mumbai-870766,,under construction,,"[""[\""P51800003669\""]""]",cmf3zcoe80000vcf8sd4qfpwd,cmf3ze56e0002vcf8e0hjqnsw,cmf50r5a00000vcj0k1iuocuu,cmf51ieam0001vcj0kljobiod,cmf51ix980003vcj0z7abv17k,,,cmfc8w1e8003dvca0yvieggaz,R Mall,"marigold miraaya, purushottam kheraj rd, asha nagar, mulund west, mumbai, maharashtra 400080",400080,RESIDENTIAL,3BHK,3bhk,cmfc8w1ea003kvca0antflsgo,3,,,2.0,UNFURNISHED,[],False,,,Sell,https://pub-d28896f69c604ec5aa743cb0397740d9.r2.dev/1757403866054-66f1c36cd5370f62.jpg,1090.59,15000000,"[""https://pub-d28896f69c604ec5aa743cb0397740d9.r2.dev/1757403866055-12dde6891b923a80.jpg""]",,na,2025-09-09 07:44:30.992,2025-09-09 07:44:30.992,nan
cmfcccifs004nvca0b7im3r5a,RESIDENTIAL,balaji kanha,STANDALONE,balaji-kanha--ashoknagar-chembur-mumbai-678207,,under construction,,"[""[\""P51700048490\""]""]",cmf3zcoe80000vcf8sd4qfpwd,cmf3ze56e0002vcf8e0hjqnsw,cmf50r5a00000vcj0k1iuocuu,cmf51ieam0001vcj0kljobiod,cmf51ix980003vcj0z7abv17k,,,cmfcccifs004nvca0b7im3r5a,Lodha Xperia Mall,64c5c63 dombivli east dombivli maharashtra 421301,421201,RESIDENTIAL,1BHK,1bhk,cmfcccifu004qvca0daqsesxl,1,,,1.0,UNFURNISHED,[],False,,,Sell,https://pub-d28896f69c604ec5aa743cb0397740d9.r2.dev/1757409672773-6523197b4bafe2f8.jpg,422.0,4190000,"[""https://pub-d28896f69c604ec5aa743cb0397740d9.r2.dev/1757409672775-37d2dedeb898bfd3.jpg""]",,na,2025-09-09 09:21:18.424,2025-09-09 09:21:18.424,nan
cmfcccifs004nvca0b7im3r5a,RESIDENTIAL,balaji kanha,STANDALONE,balaji-kanha--ashoknagar-chembur-mumbai-678207,,under construction,,"[""[\""P51700048490\""]""]",cmf3zcoe80000vcf8sd4qfpwd,cmf3ze56e0002vcf8e0hjqnsw,cmf50r5a00000vcj0k1iuocuu,cmf51ieam0001vcj0kljobiod,cmf51ix980003vcj0z7abv17k,,,cmfcccifs004nvca0b7im3r5a,Lodha Xperia Mall,64c5c63 dombivli east dombivli maharashtra 421301,421201,RESIDENTIAL,2BHK,2bhk,cmfcccifv004svca07g88pbp7,2,,,2.0,UNFURNISHED,[],False,,,Sell,https://pub-d28896f69c604ec5aa743cb0397740d9.r2.dev/1757409672776-9c48211b8fc08a50.jpg,580.0,5770000,"[""https://pub-d28896f69c604ec5aa743cb0397740d9.r2.dev/1757409672776-55a3d0d5d7d3bb44.jpg""]",,na,2025-09-09 09:21:18.424,2025-09-09 09:21:18.424,nan
cmfcd6uup005fvca03vhph9j1,RESIDENTIAL,bhoomi antara,STANDALONE,luxury-bhoomi-antara--ashoknagar-chembur-mumbai-093979,,under construction,,"[""[\""P51800045215\""]""]",cmf3zcoe80000vcf8sd4qfpwd,cmf3ze56e0002vcf8e0hjqnsw,cmf50r5a00000vcj0k1iuocuu,cmf51ieam0001vcj0kljobiod,cmf51ix980003vcj0z7abv17k,,,cmfcd6uup005fvca03vhph9j1,R City,"3wg5chm, 90 feet rd, garodia nagar, ghatkopar east, mumbai, maharashtra 400077",400077,RESIDENTIAL,2BHK,2bhk,cmfcd6uur005ivca0zanvi722,2,,,0.0,UNFURNISHED,[],False,,,Sell,https://pub-d28896f69c604ec5aa743cb0397740d9.r2.dev/1757411089519-382dc615d1a8a01c.jpg,518.71,17000000,"[""https://pub-d28896f69c604ec5aa743cb0397740d9.r2.dev/1757411089520-1fd3665afc1a746a.jpg""]",,na,2025-09-09 09:44:54.193,2025-09-09 09:44:54.193,nan
cmfcd6uup005fvca03vhph9j1,RESIDENTIAL,bhoomi antara,STANDALONE,luxury-bhoomi-antara--ashoknagar-chembur-mumbai-093979,,under construction,,"[""[\""P51800045215\""]""]",cmf3zcoe80000vcf8sd4qfpwd,cmf3ze56e0002vcf8e0hjqnsw,cmf50r5a00000vcj0k1iuocuu,cmf51ieam0001vcj0kljobiod,cmf51ix980003vcj0z7abv17k,,,cmfcd6uup005fvca03vhph9j1,R City,"3wg5chm, 90 feet rd, garodia nagar, ghatkopar east, mumbai, maharashtra 400077",400077,RESIDENTIAL,2BHK,2bhk,cmfcd6uur005ivca0zanvi722,2,,,2.0,UNFURNISHED,[],False,,,Sell,https://pub-d28896f69c604ec5aa743cb0397740d9.r2.dev/1757411089523-4a25ba0ab26ba4af.jpg,712.68,24000000,"[""https://pub-d28896f69c604ec5aa743cb0397740d9.r2.dev/1757411089524-f866cded7e572242.jpg""]",,na,2025-09-09 09:44:54.193,2025-09-09 09:44:54.193,nan
cmfcd6uup005fvca03vhph9j1,RESIDENTIAL,bhoomi antara,STANDALONE,luxury-bhoomi-antara--ashoknagar-chembur-mumbai-093979,,under construction,,"[""[\""P51800045215\""]""]",cmf3zcoe80000vcf8sd4qfpwd,cmf3ze56e0002vcf8e0hjqnsw,cmf50r5a00000vcj0k1iuocuu,cmf51ieam0001vcj0kljobiod,cmf51ix980003vcj0z7abv17k,,,cmfcd6uup005fvca03vhph9j1,R City,"3wg5chm, 90 feet rd, garodia nagar, ghatkopar east, mumbai, maharashtra 400077",400077,RESIDENTIAL,3BHK,3bhk,cmfcd6uur005lvca0r1lfayx1,3,,,0.0,UNFURNISHED,[],False,,,Sell,https://pub-d28896f69c604ec5aa743cb0397740d9.r2.dev/1757411089524-85f5063857a9e066.jpg,1098.46,37000000,"[""https://pub-d28896f69c604ec5aa743cb0397740d9.r2.dev/1757411089525-9e16be48ea1c5dca.jpg""]",,na,2025-09-09 09:44:54.193,2025-09-09 09:44:54.193,nan
cmfcdo9ei006gvca0wq9t8usr,BOTH,arkade prime,COMPLEX,luxury-arkade-prime-ashoknagar-chembur-mumbai-906049,,under construction,,"[""[\""P51800047081\""]""]",cmf3zcoe80000vcf8sd4qfpwd,cmf3ze56e0002vcf8e0hjqnsw,cmf50r5a00000vcj0k1iuocuu,cmf51ieam0001vcj0kljobiod,cmf51ix980003vcj0z7abv17k,,,cmfcdo9ei006gvca0wq9t8usr,Criticare Hospital,"makwana rd, gamdevi, marol, andheri east, mumbai, maharashtra 400059",400059,RESIDENTIAL,1BHK,1bhk,cmfcdo9ej006jvca0unalmr56,1,,,1.0,UNFURNISHED,[],False,,,Sell,https://pub-d28896f69c604ec5aa743cb0397740d9.r2.dev/1757411900104-d2b27e1086902c25.jpg,425.39,12000000,"[""https://pub-d28896f69c604ec5aa743cb0397740d9.r2.dev/1757411900105-0cd46f586c660d51.jpg""]",,na,2025-09-09 09:58:26.202,2025-09-09 09:58:26.202,nan
cmfcdo9ei006gvca0wq9t8usr,BOTH,arkade prime,COMPLEX,luxury-arkade-prime-ashoknagar-chembur-mumbai-906049,,under construction,,"[""[\""P51800047081\""]""]",cmf3zcoe80000vcf8sd4qfpwd,cmf3ze56e0002vcf8e0hjqnsw,cmf50r5a00000vcj0k1iuocuu,cmf51ieam0001vcj0kljobiod,cmf51ix980003vcj0z7abv17k,,,cmfcdo9ei006gvca0wq9t8usr,Criticare Hospital,"makwana rd, gamdevi, marol, andheri east, mumbai, maharashtra 400059",400059,RESIDENTIAL,2BHK,2bhk,cmfcdo9ek006lvca0wye9m2zq,2,,,2.0,UNFURNISHED,[],False,,,Sell,https://pub-d28896f69c604ec5aa743cb0397740d9.r2.dev/1757411900105-92746a06993e21a1.jpg,589.43,17000000,"[""https://pub-d28896f69c604ec5aa743cb0397740d9.r2.dev/1757411900106-3270032d1b3b29a6.jpg""]",,na,2025-09-09 09:58:26.202,2025-09-09 09:58:26.202,nan
cmfcdo9ei006gvca0wq9t8usr,BOTH,arkade prime,COMPLEX,luxury-arkade-prime-ashoknagar-chembur-mumbai-906049,,under construction,,"[""[\""P51800047081\""]""]",cmf3zcoe80000vcf8sd4qfpwd,cmf3ze56e0002vcf8e0hjqnsw,cmf50r5a00000vcj0k1iuocuu,cmf51ieam0001vcj0kljobiod,cmf51ix980003vcj0z7abv17k,,,cmfcdo9ei006gvca0wq9t8usr,Criticare Hospital,"makwana rd, gamdevi, marol, andheri east, mumbai, maharashtra 400059",400059,RESIDENTIAL,Office space,nan,cmfcdo9ek006nvca0aerkp2r8,1,,,1.0,UNFURNISHED,[],False,,,Sell,https://pub-d28896f69c604ec5aa743cb0397740d9.r2.dev/1757411900106-2052b7fd49a2faaa.jpg,710.63,21000000,"[""https://pub-d28896f69c604ec5aa743cb0397740d9.r2.dev/1757411900108-5b7ad0636af0eef0.jpg""]",,na,2025-09-09 09:58:26.202,2025-09-09 09:58:26.202,nan
cmfcg9ren0001vc209rw25eve,RESIDENTIAL,glory,STANDALONE,luxury-glory-katewasti-punawale-pune-268353,,under construction,,"[""[\""P52100077028\""]""]",cmf3zcoe80000vcf8sd4qfpwd,cmf3ze56e0002vcf8e0hjqnsw,cmf6nu3ru000gvcxspxarll3v,cmfcfnqp6007zvca0dcgj52pp,cmfcfoprz0081vca0fus0zwq5,,,cmfcg9ren0001vc209rw25eve, Sarai Sport Acadamy,"kate wasti rd, kate wasti, punawale, pimpri-chinchwad, dattwadi, maharashtra 411033",411033,RESIDENTIAL,2BHK,2bhk,cmfcg9rep0004vc20nnmldrf5,0,,,2.0,UNFURNISHED,[],False,,,Sell,https://pub-d28896f69c604ec5aa743cb0397740d9.r2.dev/1757416263429-b34f6e00dad04cee.jpg,835.0,67000000,"[""https://pub-d28896f69c604ec5aa743cb0397740d9.r2.dev/1757416263441-db4005e8699b54f5.jpg""]",,na,2025-09-09 11:11:08.543,2025-09-09 11:11:08.543,nan
cmfcg9ren0001vc209rw25eve,RESIDENTIAL,glory,STANDALONE,luxury-glory-katewasti-punawale-pune-268353,,under construction,,"[""[\""P52100077028\""]""]",cmf3zcoe80000vcf8sd4qfpwd,cmf3ze56e0002vcf8e0hjqnsw,cmf6nu3ru000gvcxspxarll3v,cmfcfnqp6007zvca0dcgj52pp,cmfcfoprz0081vca0fus0zwq5,,,cmfcg9ren0001vc209rw25eve, Sarai Sport Acadamy,"kate wasti rd, kate wasti, punawale, pimpri-chinchwad, dattwadi, maharashtra 411033",411033,RESIDENTIAL,3BHK,3bhk,cmfcg9rep0006vc20zocna1zw,3,,,2.0,UNFURNISHED,[],False,,,Sell,https://pub-d28896f69c604ec5aa743cb0397740d9.r2.dev/1757416263442-37973fcf73632905.jpg,1064.0,86000000,"[""https://pub-d28896f69c604ec5aa743cb0397740d9.r2.dev/1757416263443-efccc3b7b11a9cf6.jpg""]",,na,2025-09-09 11:11:08.543,2025-09-09 11:11:08.543,nan
cmfcg9ren0001vc209rw25eve,RESIDENTIAL,glory,STANDALONE,luxury-glory-katewasti-punawale-pune-268353,,under construction,,"[""[\""P52100077028\""]""]",cmf3zcoe80000vcf8sd4qfpwd,cmf3ze56e0002vcf8e0hjqnsw,cmf6nu3ru000gvcxspxarll3v,cmfcfnqp6007zvca0dcgj52pp,cmfcfoprz0081vca0fus0zwq5,,,cmfcg9ren0001vc209rw25eve, Sarai Sport Acadamy,"kate wasti rd, kate wasti, punawale, pimpri-chinchwad, dattwadi, maharashtra 411033",411033,RESIDENTIAL,3BHK,3bhk,cmfcg9rep0006vc20zocna1zw,3,,,2.0,UNFURNISHED,[],False,,,Sell,https://pub-d28896f69c604ec5aa743cb0397740d9.r2.dev/1757416263444-42b0f4d7ba7315d4.jpg,1185.0,96000000,"[""https://pub-d28896f69c604ec5aa743cb0397740d9.r2.dev/1757416263445-61ad0a336e5cd7e8.jpg""]",,na,2025-09-09 11:11:08.543,2025-09-09 11:11:08.543,nan
cmfdmdqmq0008vc90svu2sfto,RESIDENTIAL,antriksh,STANDALONE,luxury-antriksh-somwarpeth-camp-pune-997560,,under construction,,"[""P52100019454"",""P52100047488""]",cmf3zcoe80000vcf8sd4qfpwd,cmf3ze56e0002vcf8e0hjqnsw,cmf6nu3ru000gvcxspxarll3v,cmf6pksk30035vcxs7r2mo3iq,cmfdkuymm0001vc90iiyzkr8d,,,cmfdmdqmq0008vc90svu2sfto,Station Road Saraswat Colony,"cts no 391, station rd, opp. zilla parishad, mangalwar peth, somwar peth, pune, maharashtra 411011",411011,RESIDENTIAL,1BHK,1bhk,cmfdmdqms000bvc90e1hpq42a,1,,,1.0,UNFURNISHED,[],False,,,Sell,https://pub-d28896f69c604ec5aa743cb0397740d9.r2.dev/1757486991474-f7da47510a2039a9.jpeg,269.1,5649000,"[""https://pub-d28896f69c604ec5aa743cb0397740d9.r2.dev/1757486991482-830ba2f79d951b2a.jpg""]",,,2025-09-10 06:49:58.034,2025-09-10 06:49:58.034,nan
cmfdmdqmq0008vc90svu2sfto,RESIDENTIAL,antriksh,STANDALONE,luxury-antriksh-somwarpeth-camp-pune-997560,,under construction,,"[""P52100019454"",""P52100047488""]",cmf3zcoe80000vcf8sd4qfpwd,cmf3ze56e0002vcf8e0hjqnsw,cmf6nu3ru000gvcxspxarll3v,cmf6pksk30035vcxs7r2mo3iq,cmfdkuymm0001vc90iiyzkr8d,,,cmfdmdqmq0008vc90svu2sfto,Station Road Saraswat Colony,"cts no 391, station rd, opp. zilla parishad, mangalwar peth, somwar peth, pune, maharashtra 411011",411011,RESIDENTIAL,2BHK,2bhk,cmfdmdqmt000dvc90s9ndd0nq,2,,,2.0,UNFURNISHED,[],False,,,Sell,https://pub-d28896f69c604ec5aa743cb0397740d9.r2.dev/1757486991488-c0b949b98960c0ed.jpg,685.0,14300000,"[""https://pub-d28896f69c604ec5aa743cb0397740d9.r2.dev/1757486991494-9ac904a02c4e153c.jpg""]",,,2025-09-10 06:49:58.034,2025-09-10 06:49:58.034,nan
cmfdmdqmq0008vc90svu2sfto,RESIDENTIAL,antriksh,STANDALONE,luxury-antriksh-somwarpeth-camp-pune-997560,,under construction,,"[""P52100019454"",""P52100047488""]",cmf3zcoe80000vcf8sd4qfpwd,cmf3ze56e0002vcf8e0hjqnsw,cmf6nu3ru000gvcxspxarll3v,cmf6pksk30035vcxs7r2mo3iq,cmfdkuymm0001vc90iiyzkr8d,,,cmfdmdqmq0008vc90svu2sfto,Station Road Saraswat Colony,"cts no 391, station rd, opp. zilla parishad, mangalwar peth, somwar peth, pune, maharashtra 411011",411011,RESIDENTIAL,2BHK,2bhk,cmfdmdqmt000dvc90s9ndd0nq,2,,,1.0,UNFURNISHED,[],False,,,Sell,,900.0,18900000,[],,,2025-09-10 06:49:58.034,2025-09-10 06:49:58.034,nan
cmfdmdqmq0008vc90svu2sfto,RESIDENTIAL,antriksh,STANDALONE,luxury-antriksh-somwarpeth-camp-pune-997560,,under construction,,"[""P52100019454"",""P52100047488""]",cmf3zcoe80000vcf8sd4qfpwd,cmf3ze56e0002vcf8e0hjqnsw,cmf6nu3ru000gvcxspxarll3v,cmf6pksk30035vcxs7r2mo3iq,cmfdkuymm0001vc90iiyzkr8d,,,cmfdmdqmq0008vc90svu2sfto,Station Road Saraswat Colony,"cts no 391, station rd, opp. zilla parishad, mangalwar peth, somwar peth, pune, maharashtra 411011",411011,RESIDENTIAL,3BHK,3bhk,cmfdmdqmt000gvc90h6gcwpga,3,,,2.0,UNFURNISHED,[],False,,,Sell,https://pub-d28896f69c604ec5aa743cb0397740d9.r2.dev/1757486991499-74fa17a4c97985e2.jpg,1095.0,22900000,"[""https://pub-d28896f69c604ec5aa743cb0397740d9.r2.dev/1757486991505-2373b8e162de669f.jpg""]",,,2025-09-10 06:49:58.034,2025-09-10 06:49:58.034,nan
cmfdnk2rz001rvc90t6aa3f0e,RESIDENTIAL,16 lakaki,STANDALONE,16-lakaki-modelcolony-shivajinagar-pune-470663,,under construction,,"[""P52100078263""]",cmf3zcoe80000vcf8sd4qfpwd,cmf3ze56e0002vcf8e0hjqnsw,cmf6nu3ru000gvcxspxarll3v,cmf6pk0cn0033vcxshxbf5hdh,cmfdn705v001pvc90uyle9m34,sdfghgvbndfgh,,cmfdnk2rz001rvc90t6aa3f0e,Model Colony,"1102a48, lakaki rd, model colony, shivajinagar, pune, maharashtra 411016",411016,RESIDENTIAL,4.5BHK,custom,cmfdnk2s1001uvc90qi4xuo6m,4,,,2.0,UNFURNISHED,[],False,,,Sell,https://pub-d28896f69c604ec5aa743cb0397740d9.r2.dev/1757488967184-719e10b6efff3546.jpg,2650.0,55800000,"[""https://pub-d28896f69c604ec5aa743cb0397740d9.r2.dev/1757488967185-54cee65e85919c06.jpg""]",,,2025-09-10 07:22:53.328,2025-09-10 07:22:53.328,nan
cmfdro2w2002ivc90co2n24lb,RESIDENTIAL,dinmanee,STANDALONE,luxury-dinmanee--modelcolony-shivajinagar-pune-878430,,under construction,,"[""[\""P52100079399\""]""]",cmf3zcoe80000vcf8sd4qfpwd,cmf3ze56e0002vcf8e0hjqnsw,cmf6nu3ru000gvcxspxarll3v,cmf6pk0cn0033vcxshxbf5hdh,cmfdn705v001pvc90uyle9m34,,,cmfdro2w2002ivc90co2n24lb,Bharat English School & jr. College,"dinmanee, squadron leader sureshchandra bhagwat rd, model colony, shivajinagar, pune, maharashtra 411016",411016,RESIDENTIAL,3BHK,3bhk,cmfdro2w3002lvc90reujbiw4,3,,,2.0,UNFURNISHED,[],False,,,Sell,https://pub-d28896f69c604ec5aa743cb0397740d9.r2.dev/1757495874341-877b209a8dd708f2.jpg,1065.0,25400000,"[""https://pub-d28896f69c604ec5aa743cb0397740d9.r2.dev/1757495874342-f91c6d45130b2367.jpg""]",,,2025-09-10 09:17:58.561,2025-09-10 09:17:58.561,nan
cmfdssd190037vc90paoxv29h,RESIDENTIAL,zoa building - 2 wing a,STANDALONE,zoa-building-2-wing-a-keshavnagar-mundhwa-pune-757777,,under construction,,"[""[\""P52100056199\""]""]",cmf3zcoe80000vcf8sd4qfpwd,cmf3ze56e0002vcf8e0hjqnsw,cmf6nu3ru000gvcxspxarll3v,cmf6pwxtd003gvcxszmny2jn7,cmfds8hud0030vc90h37juexd,,,cmfdssd190037vc90paoxv29h,Renuka mata mandir,"sr.no.36 zoa, keshav nagar,neatr renuka mata temple mundhwa, pune 411036",411036,RESIDENTIAL,1BHK,1bhk,cmfdssd1a003avc90t92jvmti,1,,,1.0,UNFURNISHED,[],False,,,Sell,https://pub-d28896f69c604ec5aa743cb0397740d9.r2.dev/1757497751961-62a4a746ffb7d92a.jpeg,450.0,7499000,"[""https://pub-d28896f69c604ec5aa743cb0397740d9.r2.dev/1757497751961-e4b9f6b35ff84fc4.jpg""]",,,2025-09-10 09:49:17.949,2025-09-10 09:49:17.949,nan
cmfdssd190037vc90paoxv29h,RESIDENTIAL,zoa building - 2 wing a,STANDALONE,zoa-building-2-wing-a-keshavnagar-mundhwa-pune-757777,,under construction,,"[""[\""P52100056199\""]""]",cmf3zcoe80000vcf8sd4qfpwd,cmf3ze56e0002vcf8e0hjqnsw,cmf6nu3ru000gvcxspxarll3v,cmf6pwxtd003gvcxszmny2jn7,cmfds8hud0030vc90h37juexd,,,cmfdssd190037vc90paoxv29h,Renuka mata mandir,"sr.no.36 zoa, keshav nagar,neatr renuka mata temple mundhwa, pune 411036",411036,RESIDENTIAL,2BHK,2bhk,cmfdssd1b003cvc905s09tzlj,2,,,2.0,UNFURNISHED,[],False,,,Sell,https://pub-d28896f69c604ec5aa743cb0397740d9.r2.dev/1757497751962-8264b2f46aeac8b4.jpg,850.0,14100000,"[""https://pub-d28896f69c604ec5aa743cb0397740d9.r2.dev/1757497751962-181b9fb00f69e030.jpg""]",,,2025-09-10 09:49:17.949,2025-09-10 09:49:17.949,nan
cmfdu20970046vc90g587nym1,RESIDENTIAL,leela by empyrean landmarks - phase 1  2,STANDALONE,leela-by-empyrean-landmar-thitenagar-kharadi-pune-887385,,under construction,,"[""[\""P52100078302\"",\""P52100052570\""]""]",cmf3zcoe80000vcf8sd4qfpwd,cmf3ze56e0002vcf8e0hjqnsw,cmf6nu3ru000gvcxspxarll3v,cmf6pxwqh003jvcxs9xzbgo7z,cmfdt1o8c003zvc90uqngk7v6,,,cmfdu20970046vc90g587nym1,Shri Kshetra Kalbhairavnath Temple,"survey no. 18-19, plot no. p7, river road, thite nagar, kharadi, pune, maharashtra 411014",411014,RESIDENTIAL,2BHK,2bhk,cmfdu20980049vc901gbx5yzt,2,,,1.0,UNFURNISHED,[],False,,,Sell,https://pub-d28896f69c604ec5aa743cb0397740d9.r2.dev/1757499882365-234e90325d589de6.jpg,774.0,13600000,"[""https://pub-d28896f69c604ec5aa743cb0397740d9.r2.dev/1757499882366-5ff9be2083ac3230.jpg""]",,,2025-09-10 10:24:47.563,2025-09-10 10:24:47.563,nan
cmfdu20970046vc90g587nym1,RESIDENTIAL,leela by empyrean landmarks - phase 1  2,STANDALONE,leela-by-empyrean-landmar-thitenagar-kharadi-pune-887385,,under construction,,"[""[\""P52100078302\"",\""P52100052570\""]""]",cmf3zcoe80000vcf8sd4qfpwd,cmf3ze56e0002vcf8e0hjqnsw,cmf6nu3ru000gvcxspxarll3v,cmf6pxwqh003jvcxs9xzbgo7z,cmfdt1o8c003zvc90uqngk7v6,,,cmfdu20970046vc90g587nym1,Shri Kshetra Kalbhairavnath Temple,"survey no. 18-19, plot no. p7, river road, thite nagar, kharadi, pune, maharashtra 411014",411014,RESIDENTIAL,3BHK,3bhk,cmfdu2099004bvc90md0gqlsn,3,,,2.0,UNFURNISHED,[],False,,,Sell,https://pub-d28896f69c604ec5aa743cb0397740d9.r2.dev/1757499882367-f956a3cf2e42cc2e.jpg,1044.0,13900000,"[""https://pub-d28896f69c604ec5aa743cb0397740d9.r2.dev/1757499882368-39d519773fe47182.jpg""]",,,2025-09-10 10:24:47.563,2025-09-10 10:24:47.563,nan
cmfdvkxeu0053vc90gquj3cbz,RESIDENTIAL,midori towers,TOWNSHIP,midori-towers-modelcolony-shivajinagar-pune-449745,,under construction,,"[""[\""P52100047310\""]""]",cmf3zcoe80000vcf8sd4qfpwd,cmf3ze56e0002vcf8e0hjqnsw,cmf6nu3ru000gvcxspxarll3v,cmf6pk0cn0033vcxshxbf5hdh,cmfdn705v001pvc90uyle9m34,,,cmfdvkxeu0053vc90gquj3cbz,Sai nagar Rd,"sai nagar, mamurdi, dehu road, maharashtra 412101",412101,RESIDENTIAL,2BHK,2bhk,cmfdvkxew0056vc90azi120pa,2,,,1.0,UNFURNISHED,[],False,,,Sell,https://pub-d28896f69c604ec5aa743cb0397740d9.r2.dev/1757502445782-c4d339912dac6059.jpg,912.0,66800000,"[""https://pub-d28896f69c604ec5aa743cb0397740d9.r2.dev/1757502445783-07ddd86f8b94a188.jpg""]",,,2025-09-10 11:07:29.958,2025-09-10 11:07:29.958,nan
cmfdxi4sv005rvc90ygfhnzc9,RESIDENTIAL,kedar residency,STANDALONE,kedar-residency-modelcolony-shivajinagar-pune-678656,,ready to move,0.0,"[""[\""P52100032109\""]""]",cmf3zcoe80000vcf8sd4qfpwd,cmf3ze56e0002vcf8e0hjqnsw,cmf6nu3ru000gvcxspxarll3v,cmf6pk0cn0033vcxshxbf5hdh,cmfdn705v001pvc90uyle9m34,,,cmfdxi4sv005rvc90ygfhnzc9, Maharashtra Cricket Association Stadium,"mp78p45, st tukaram nagar, mamurdi, dehu road, maharashtra 412101",412101,RESIDENTIAL,1BHK,nan,cmfdxi4sx005uvc90ek5w6w18,1,,,1.0,FURNISHED,"[""KITCHEN_APPLIANCES"",""LIGHTS_FANS"",""WARDROBE"",""MODULAR_KITCHEN""]",False,,,Sell,https://pub-d28896f69c604ec5aa743cb0397740d9.r2.dev/1757505674362-a03f1a776276e18c.jpg,497.0,30400000,"[""https://pub-d28896f69c604ec5aa743cb0397740d9.r2.dev/1757505674367-357debf889702320.jpg""]",,,2025-09-25 09:52:02.418,2025-09-25 09:52:02.418,nan
cmfdxi4sv005rvc90ygfhnzc9,RESIDENTIAL,kedar residency,STANDALONE,kedar-residency-modelcolony-shivajinagar-pune-678656,,ready to move,0.0,"[""[\""P52100032109\""]""]",cmf3zcoe80000vcf8sd4qfpwd,cmf3ze56e0002vcf8e0hjqnsw,cmf6nu3ru000gvcxspxarll3v,cmf6pk0cn0033vcxshxbf5hdh,cmfdn705v001pvc90uyle9m34,,,cmfdxi4sv005rvc90ygfhnzc9, Maharashtra Cricket Association Stadium,"mp78p45, st tukaram nagar, mamurdi, dehu road, maharashtra 412101",412101,RESIDENTIAL,2BHK,nan,cmfdxi4sx005wvc90x44fqzb5,0,,,0.0,UNFURNISHED,[],False,,,Sell,https://pub-d28896f69c604ec5aa743cb0397740d9.r2.dev/1757505674380-a846f28fd0ac4508.jpg,805.0,49000000,"[""https://pub-d28896f69c604ec5aa743cb0397740d9.r2.dev/1757505674385-88d968255a68bec4.jpg""]",,,2025-09-25 09:52:07.876,2025-09-25 09:52:07.876,nan
cmfdyb2yc006rvc900owycgrv,RESIDENTIAL,sonai clara,STANDALONE,sonai-clara-brtlinkrd-ravet-pune-029297,,under construction,,"[""[\""P52100080205\""]""]",cmf3zcoe80000vcf8sd4qfpwd,cmf3ze56e0002vcf8e0hjqnsw,cmf6nu3ru000gvcxspxarll3v,cmf6qgr4u004fvcxswao9nc4r,cmfdxt4wr006pvc90zvflron5,,,cmfdyb2yc006rvc900owycgrv,Chandraprabha corner,"brt link rd, ravet, pimpri-chinchwad, maharashtra 412101",412099,RESIDENTIAL,2BHK,nan,cmfdyb2yd006uvc90uba2ys2y,2,,,1.0,UNFURNISHED,[],False,,,Sell,https://pub-d28896f69c604ec5aa743cb0397740d9.r2.dev/1757507025374-12d089344fa03c16.jpg,719.0,7916000,"[""https://pub-d28896f69c604ec5aa743cb0397740d9.r2.dev/1757507025374-6b9222f0e2694408.jpg""]",,,2025-09-12 10:33:43.807,2025-09-12 10:33:43.807,nan
cmfdyb2yc006rvc900owycgrv,RESIDENTIAL,sonai clara,STANDALONE,sonai-clara-brtlinkrd-ravet-pune-029297,,under construction,,"[""[\""P52100080205\""]""]",cmf3zcoe80000vcf8sd4qfpwd,cmf3ze56e0002vcf8e0hjqnsw,cmf6nu3ru000gvcxspxarll3v,cmf6qgr4u004fvcxswao9nc4r,cmfdxt4wr006pvc90zvflron5,,,cmfdyb2yc006rvc900owycgrv,Chandraprabha corner,"brt link rd, ravet, pimpri-chinchwad, maharashtra 412101",412099,RESIDENTIAL,2BHK,nan,cmfdyb2yd006uvc90uba2ys2y,8,,,1.0,UNFURNISHED,[],False,,,Sell,https://pub-d28896f69c604ec5aa743cb0397740d9.r2.dev/1757507025375-8c1c881fc556c580.jpg,714.0,7624000,"[""https://pub-d28896f69c604ec5aa743cb0397740d9.r2.dev/1757507025375-b7d209814ec2b899.jpg"",""https://pub-d28896f69c604ec5aa743cb0397740d9.r2.dev/1757573877398-e4d685da0a0dfae1.jpg""]",,,2025-09-12 10:33:43.807,2025-09-12 10:33:43.807,nan
cmfdyb2yc006rvc900owycgrv,RESIDENTIAL,sonai clara,STANDALONE,sonai-clara-brtlinkrd-ravet-pune-029297,,under construction,,"[""[\""P52100080205\""]""]",cmf3zcoe80000vcf8sd4qfpwd,cmf3ze56e0002vcf8e0hjqnsw,cmf6nu3ru000gvcxspxarll3v,cmf6qgr4u004fvcxswao9nc4r,cmfdxt4wr006pvc90zvflron5,,,cmfdyb2yc006rvc900owycgrv,Chandraprabha corner,"brt link rd, ravet, pimpri-chinchwad, maharashtra 412101",412099,RESIDENTIAL,3BHK,nan,cmfdyb2ye006xvc90tgudor3v,3,,,2.0,UNFURNISHED,[],False,,,Sell,https://pub-d28896f69c604ec5aa743cb0397740d9.r2.dev/1757507025375-6d208dc15b1ffe3b.jpg,954.0,9900000,"[""https://pub-d28896f69c604ec5aa743cb0397740d9.r2.dev/1757507025385-aedb0110dffa5f27.jpg""]",,,2025-09-12 10:33:48.369,2025-09-12 10:33:48.369,nan
cmfdyb2yc006rvc900owycgrv,RESIDENTIAL,sonai clara,STANDALONE,sonai-clara-brtlinkrd-ravet-pune-029297,,under construction,,"[""[\""P52100080205\""]""]",cmf3zcoe80000vcf8sd4qfpwd,cmf3ze56e0002vcf8e0hjqnsw,cmf6nu3ru000gvcxspxarll3v,cmf6qgr4u004fvcxswao9nc4r,cmfdxt4wr006pvc90zvflron5,,,cmfdyb2yc006rvc900owycgrv,Chandraprabha corner,"brt link rd, ravet, pimpri-chinchwad, maharashtra 412101",412099,RESIDENTIAL,3BHK,nan,cmfdyb2ye006xvc90tgudor3v,3,,,2.0,UNFURNISHED,[],False,,,Sell,https://pub-d28896f69c604ec5aa743cb0397740d9.r2.dev/1757507025386-cd046b94df0f53d9.jpg,973.0,11000000,[],,,2025-09-12 10:33:48.369,2025-09-12 10:33:48.369,nan
cmfdz9fvx0088vc90pw26eyr8,RESIDENTIAL,santiago skytown,STANDALONE,santiago-skytown-vikasnagar-ravet-pune-632333,,under construction,,"[""[\""P52100077942\""]""]",cmf3zcoe80000vcf8sd4qfpwd,cmf3ze56e0002vcf8e0hjqnsw,cmf6nu3ru000gvcxspxarll3v,cmf6qgr4u004fvcxswao9nc4r,cmfdyubxb0086vc90glhoi1tr,,,cmfdz9fvx0088vc90pw26eyr8,Police Station,"santiago sky town, mp9r2jg, ravet rd, vikas nagar, ravet, pimpri-chinchwad, dehu road, maharashtra 412101",412101,RESIDENTIAL,2BHK,2bhk,cmfdz9fvy008bvc90b7nawpiw,2,,,1.0,UNFURNISHED,[],False,,,Sell,https://pub-d28896f69c604ec5aa743cb0397740d9.r2.dev/1757508627511-94d95f7bbb80de8a.jpg,767.0,784300000,"[""https://pub-d28896f69c604ec5aa743cb0397740d9.r2.dev/1757508627511-f415324344fe391c.jpg""]",,,2025-09-10 12:50:32.493,2025-09-10 12:50:32.493,nan
cmfdz9fvx0088vc90pw26eyr8,RESIDENTIAL,santiago skytown,STANDALONE,santiago-skytown-vikasnagar-ravet-pune-632333,,under construction,,"[""[\""P52100077942\""]""]",cmf3zcoe80000vcf8sd4qfpwd,cmf3ze56e0002vcf8e0hjqnsw,cmf6nu3ru000gvcxspxarll3v,cmf6qgr4u004fvcxswao9nc4r,cmfdyubxb0086vc90glhoi1tr,,,cmfdz9fvx0088vc90pw26eyr8,Police Station,"santiago sky town, mp9r2jg, ravet rd, vikas nagar, ravet, pimpri-chinchwad, dehu road, maharashtra 412101",412101,RESIDENTIAL,2BHK,2bhk,cmfdz9fvy008bvc90b7nawpiw,2,,,1.0,UNFURNISHED,[],False,,,Sell,https://pub-d28896f69c604ec5aa743cb0397740d9.r2.dev/1757508627511-b25862c0a7c41854.jpg,786.0,8037000,"[""https://pub-d28896f69c604ec5aa743cb0397740d9.r2.dev/1757508627515-f85803015d61e3d3.jpg""]",,,2025-09-10 12:50:32.493,2025-09-10 12:50:32.493,nan
cmfdz9fvx0088vc90pw26eyr8,RESIDENTIAL,santiago skytown,STANDALONE,santiago-skytown-vikasnagar-ravet-pune-632333,,under construction,,"[""[\""P52100077942\""]""]",cmf3zcoe80000vcf8sd4qfpwd,cmf3ze56e0002vcf8e0hjqnsw,cmf6nu3ru000gvcxspxarll3v,cmf6qgr4u004fvcxswao9nc4r,cmfdyubxb0086vc90glhoi1tr,,,cmfdz9fvx0088vc90pw26eyr8,Police Station,"santiago sky town, mp9r2jg, ravet rd, vikas nagar, ravet, pimpri-chinchwad, dehu road, maharashtra 412101",412101,RESIDENTIAL,3BHK,3bhk,cmfdz9fvy008evc90f98iggaw,3,,,2.0,UNFURNISHED,[],False,,,Sell,https://pub-d28896f69c604ec5aa743cb0397740d9.r2.dev/1757508627516-8e8d34b349402165.jpg,1017.0,13900000,"[""https://pub-d28896f69c604ec5aa743cb0397740d9.r2.dev/1757508627516-8162911bdda309f0.jpg""]",,,2025-09-10 12:50:32.493,2025-09-10 12:50:32.493,nan
cmfe01l6h009gvc90y1zazr09,RESIDENTIAL,the silver altair,STANDALONE,the-silver-altair--pcmc-ravet-pune-945470,,under construction,,"[""[\""P52100035075\""]""]",cmf3zcoe80000vcf8sd4qfpwd,cmf3ze56e0002vcf8e0hjqnsw,cmf6nu3ru000gvcxspxarll3v,cmf6qgr4u004fvcxswao9nc4r,cmfdzm7gn009evc907tntxrwq,,,cmfe01l6h009gvc90y1zazr09,MNGL CNG Station,"the silver altair project sr.no. 81,125 near mngl cng station , aundh ravet brts rd, ravet",412101,RESIDENTIAL,2BHK,2bhk,cmfe01l6i009jvc90qz54yiev,1,,,4.0,UNFURNISHED,[],False,,,Sell,https://pub-d28896f69c604ec5aa743cb0397740d9.r2.dev/1757509935799-56e60e5d51f758f8.jpg,880.0,8409000,"[""https://pub-d28896f69c604ec5aa743cb0397740d9.r2.dev/1757509935800-7ec66eb73cfad6b5.jpg""]",,,2025-09-10 13:12:25.721,2025-09-10 13:12:25.721,nan
cmfe01l6h009gvc90y1zazr09,RESIDENTIAL,the silver altair,STANDALONE,the-silver-altair--pcmc-ravet-pune-945470,,under construction,,"[""[\""P52100035075\""]""]",cmf3zcoe80000vcf8sd4qfpwd,cmf3ze56e0002vcf8e0hjqnsw,cmf6nu3ru000gvcxspxarll3v,cmf6qgr4u004fvcxswao9nc4r,cmfdzm7gn009evc907tntxrwq,,,cmfe01l6h009gvc90y1zazr09,MNGL CNG Station,"the silver altair project sr.no. 81,125 near mngl cng station , aundh ravet brts rd, ravet",412101,RESIDENTIAL,2BHK,2bhk,cmfe01l6i009jvc90qz54yiev,2,,,1.0,UNFURNISHED,[],False,,,Sell,https://pub-d28896f69c604ec5aa743cb0397740d9.r2.dev/1757509935801-62f8a4e2e69af1fb.jpg,921.0,8885000,"[""https://pub-d28896f69c604ec5aa743cb0397740d9.r2.dev/1757509935801-4a6e51cf542453de.jpg""]",,,2025-09-10 13:12:25.721,2025-09-10 13:12:25.721,nan
cmfe01l6h009gvc90y1zazr09,RESIDENTIAL,the silver altair,STANDALONE,the-silver-altair--pcmc-ravet-pune-945470,,under construction,,"[""[\""P52100035075\""]""]",cmf3zcoe80000vcf8sd4qfpwd,cmf3ze56e0002vcf8e0hjqnsw,cmf6nu3ru000gvcxspxarll3v,cmf6qgr4u004fvcxswao9nc4r,cmfdzm7gn009evc907tntxrwq,,,cmfe01l6h009gvc90y1zazr09,MNGL CNG Station,"the silver altair project sr.no. 81,125 near mngl cng station , aundh ravet brts rd, ravet",412101,RESIDENTIAL,3BHK,3bhk,cmfe01l6j009mvc90aj7pny7p,3,,,2.0,UNFURNISHED,[],False,,,Sell,https://pub-d28896f69c604ec5aa743cb0397740d9.r2.dev/1757509935801-e3046c3165cb6a9a.jpg,1048.0,11000000,"[""https://pub-d28896f69c604ec5aa743cb0397740d9.r2.dev/1757509935802-e9fd330d696b020e.jpg""]",,,2025-09-10 13:12:25.721,2025-09-10 13:12:25.721,nan
cmff8swbm0001vxp7pe3neibi,RESIDENTIAL,testing,STANDALONE,testing-modelcolony-shivajinagar-pune-301013,,ready to move,11.0,"[""123456789""]",cmf3zcoe80000vcf8sd4qfpwd,cmf3ze56e0002vcf8e0hjqnsw,cmf6nu3ru000gvcxspxarll3v,cmf6pk0cn0033vcxshxbf5hdh,cmfdn705v001pvc90uyle9m34,sdfghjhgfdfghjgfdfghgfgh,,cmff8swbm0001vxp7pe3neibi,sdfgb,asdfgh,123456,RESIDENTIAL,5BHK,nan,cmfozqxd90001vxxuau2xc6lj,8,,,8.0,UNFURNISHED,[],False,,,Sell,https://pub-d28896f69c604ec5aa743cb0397740d9.r2.dev/1758174783708-6bab276d8a2b3207.jpg,9.79,10088000,"[""https://pub-d28896f69c604ec5aa743cb0397740d9.r2.dev/1758174623697-27c4f71a991e078c.jpg""]",,asdfghjk,2025-09-18 05:58:45.853,2025-09-18 05:58:45.853,nan
cmff8swbm0001vxp7pe3neibi,RESIDENTIAL,testing,STANDALONE,testing-modelcolony-shivajinagar-pune-301013,,ready to move,11.0,"[""123456789""]",cmf3zcoe80000vcf8sd4qfpwd,cmf3ze56e0002vcf8e0hjqnsw,cmf6nu3ru000gvcxspxarll3v,cmf6pk0cn0033vcxshxbf5hdh,cmfdn705v001pvc90uyle9m34,sdfghjhgfdfghjgfdfghgfgh,,cmff8swbm0001vxp7pe3neibi,sdfgb,asdfgh,123456,RESIDENTIAL,2BHK,nan,cmfozzj19001rvxxuloxiehen,99,,,987.0,SEMI_FURNISHED,"[""KITCHEN_APPLIANCES"",""BASIC_FURNITURE""]",False,,,Sell,https://pub-d28896f69c604ec5aa743cb0397740d9.r2.dev/1758174963753-1d59b6ee8bc63eff.jpg,9.0,980000000,"[""https://pub-d28896f69c604ec5aa743cb0397740d9.r2.dev/1758174963765-07ee6ee92139cc03.jpeg""]",,asdfghjkl;vbn,2025-09-18 05:58:50.603,2025-09-18 05:58:50.603,nan
cmff8swbm0001vxp7pe3neibi,RESIDENTIAL,testing,STANDALONE,testing-modelcolony-shivajinagar-pune-301013,,ready to move,11.0,"[""123456789""]",cmf3zcoe80000vcf8sd4qfpwd,cmf3ze56e0002vcf8e0hjqnsw,cmf6nu3ru000gvcxspxarll3v,cmf6pk0cn0033vcxshxbf5hdh,cmfdn705v001pvc90uyle9m34,sdfghjhgfdfghjgfdfghgfgh,,cmff8swbm0001vxp7pe3neibi,sdfgb,asdfgh,123456,RESIDENTIAL,2BHK,nan,cmfozzj19001rvxxuloxiehen,10,,,2.0,UNFURNISHED,[],False,,,Sell,https://pub-d28896f69c604ec5aa743cb0397740d9.r2.dev/1758175122464-bb8651e2ee2d0642.png,3.0,120000000,"[""https://pub-d28896f69c604ec5aa743cb0397740d9.r2.dev/1758175122464-0dead4f474b5ccbc.jpg""]",,about property,2025-09-18 05:58:50.603,2025-09-18 05:58:50.603,nan
cmftjwws60001vx55r0q7797l,RESIDENTIAL,testing,TOWNSHIP,testing-somwarpeth-camp-pune-281770,,ready to move,2.0,"[""123124"",""345678""]",cmf3zcoe80000vcf8sd4qfpwd,cmf3ze56e0002vcf8e0hjqnsw,cmf6nu3ru000gvcxspxarll3v,cmf6pksk30035vcxs7r2mo3iq,cmfdkuymm0001vc90iiyzkr8d,PROJECT SUMMARY,,cmftjwws60001vx55r0q7797l,LANDMARK,address,123456,RESIDENTIAL,4BHK,4bhk,cmftjwws80004vx55yx8nel0u,1,,,2.0,SEMI_FURNISHED,"[""KITCHEN_APPLIANCES"",""WARDROBE""]",False,,,Sell,https://pub-d28896f69c604ec5aa743cb0397740d9.r2.dev/1758450157387-61f41f3b1aba317d.jpg,12.0,20000000,"[""https://pub-d28896f69c604ec5aa743cb0397740d9.r2.dev/1758450157413-fd5b7567dbd1a680.png""]",,about this property hahah,2025-09-21 10:25:12.438,2025-09-21 10:25:12.438,nan
cmftjwws60001vx55r0q7797l,RESIDENTIAL,testing,TOWNSHIP,testing-somwarpeth-camp-pune-281770,,ready to move,2.0,"[""123124"",""345678""]",cmf3zcoe80000vcf8sd4qfpwd,cmf3ze56e0002vcf8e0hjqnsw,cmf6nu3ru000gvcxspxarll3v,cmf6pksk30035vcxs7r2mo3iq,cmfdkuymm0001vc90iiyzkr8d,PROJECT SUMMARY,,cmftjwws60001vx55r0q7797l,LANDMARK,address,123456,RESIDENTIAL,4.5BHK,nan,cmftjwws80006vx55x3s20w2u,1,,,2.0,UNFURNISHED,[],False,,,Sell,,122.0,10000000,"[""https://pub-d28896f69c604ec5aa743cb0397740d9.r2.dev/1758450157414-15c5ef82cad99022.jpg""]",,ABOUT PROPERTY ,2025-09-21 10:25:12.438,2025-09-21 10:25:12.438,nan
cmfw5ivra0001vxnkbozvz8bd,RESIDENTIAL,testing igi,TOWNSHIP,testing-igi-somwarpeth-camp-pune-541659,,ready to move,8.0,"[""[\""12345678\"",\""2345678\""]""]",cmf3zcoe80000vcf8sd4qfpwd,cmf3ze56e0002vcf8e0hjqnsw,cmf6nu3ru000gvcxspxarll3v,cmf6pksk30035vcxs7r2mo3iq,cmfdkuymm0001vc90iiyzkr8d,aqwsedrftgyhujikozsxdcfvgbhjnkm,,cmfw5ivra0001vxnkbozvz8bd,sedrftgyhuj,awsedrftgyhujk,123456,RESIDENTIAL,House_Villa,house_villa,cmfw5ivrc0004vxnkqlpfdbae,5,,,4.0,SEMI_FURNISHED,"[""LIGHTS_FANS"",""BASIC_FURNITURE""]",False,,,Sell,https://pub-d28896f69c604ec5aa743cb0397740d9.r2.dev/1758607532938-1eb357675429379e.jpg,8.0,80000000,"[""https://pub-d28896f69c604ec5aa743cb0397740d9.r2.dev/1758607532944-b93d0b2a52058cc7.webp""]",,asdfghj,2025-09-23 06:05:41.83,2025-09-23 06:05:41.83,nan
cmfw5ivra0001vxnkbozvz8bd,RESIDENTIAL,testing igi,TOWNSHIP,testing-igi-somwarpeth-camp-pune-541659,,ready to move,8.0,"[""[\""12345678\"",\""2345678\""]""]",cmf3zcoe80000vcf8sd4qfpwd,cmf3ze56e0002vcf8e0hjqnsw,cmf6nu3ru000gvcxspxarll3v,cmf6pksk30035vcxs7r2mo3iq,cmfdkuymm0001vc90iiyzkr8d,aqwsedrftgyhujikozsxdcfvgbhjnkm,,cmfw5ivra0001vxnkbozvz8bd,sedrftgyhuj,awsedrftgyhujk,123456,RESIDENTIAL,3BHK,3bhk,cmfw5ivrd0006vxnk2bia4myh,99,,,88.0,UNFURNISHED,[],False,,,Sell,https://pub-d28896f69c604ec5aa743cb0397740d9.r2.dev/1758607532944-ac73972e2cdcdbfb.jpg,69.0,960000000,"[""https://pub-d28896f69c604ec5aa743cb0397740d9.r2.dev/1758607532944-e10a4f6be6b3cc76.jpg""]",,described huh ...?,2025-09-23 06:05:41.83,2025-09-23 06:05:41.83,nan
cmfwd377z0008vxgxd9nju858,RESIDENTIAL,some project testing,COMPLEX,some-project-testing-somwarpeth-camp-pune-246958,,under construction,,"[""[\""2345678\"",\""5678\""]""]",cmfw6qdtd0000vx6uelma0klf,cmf3ze56e0002vcf8e0hjqnsw,cmf6nu3ru000gvcxspxarll3v,cmf6pksk30035vcxs7r2mo3iq,cmfdkuymm0001vc90iiyzkr8d,project summary,2025-09-24 00:00:00,cmfwd377z0008vxgxd9nju858,landmark,address,828123,RESIDENTIAL,4BHK,4bhk,cmfwd3781000bvxgx5ilktqht,10,,,12.0,UNFURNISHED,[],False,,,Sell,https://pub-d28896f69c604ec5aa743cb0397740d9.r2.dev/1758620243241-c0143b04ebeb03b2.jpg,2.0,30000000,"[""https://pub-d28896f69c604ec5aa743cb0397740d9.r2.dev/1758620243242-5810bb1b43a5db87.webp""]",,about property,2025-09-23 09:37:27.119,2025-09-23 09:37:27.119,nan
cmfxrvmuc0009qq138n0vk91p,RESIDENTIAL,queens park,STANDALONE,queens-park-subhashnagar-chembur-mumbai-554402,,under construction,,"[""[\""P51800047377\""]""]",cmfw6qdtd0000vx6uelma0klf,cmf3ze56e0002vcf8e0hjqnsw,cmf50r5a00000vcj0k1iuocuu,cmf51ieam0001vcj0kljobiod,cmfxo3xxc0007qq13foyboh8s,"Queens Park by Vaibhavlaxmi builder & developer is a well-designed residential development in Chembur, Mumbai. It provides contemporary features, convenient connectivity, and peaceful living, all supported by the developer's long-standing heritage and adherence to excellence. Situated in a well-developed suburb with the best infrastructure and great connectivity, the project meets the needs of the city life while affording peace and ease of living.",2025-12-31 00:00:00,cmfxrvmuc0009qq138n0vk91p,Jain mandir ,"building no 10, subhash nagar redevelopment cluster, subhash nagar, chembur, mumbai, maharashtra 400071",400071,RESIDENTIAL,1BHK,1bhk,cmfxrvmud000cqq134yeaya3o,1,,,1.0,UNFURNISHED,[],False,,,Sell,https://pub-d28896f69c604ec5aa743cb0397740d9.r2.dev/1758705551545-37ea5c3b2ad1281f.jpeg,413.23,10900000,"[""https://pub-d28896f69c604ec5aa743cb0397740d9.r2.dev/1758705551546-edea4e482b14fe41.jpg""]",,Na,2025-09-24 09:19:14.532,2025-09-24 09:19:14.532,nan
cmfxrvmuc0009qq138n0vk91p,RESIDENTIAL,queens park,STANDALONE,queens-park-subhashnagar-chembur-mumbai-554402,,under construction,,"[""[\""P51800047377\""]""]",cmfw6qdtd0000vx6uelma0klf,cmf3ze56e0002vcf8e0hjqnsw,cmf50r5a00000vcj0k1iuocuu,cmf51ieam0001vcj0kljobiod,cmfxo3xxc0007qq13foyboh8s,"Queens Park by Vaibhavlaxmi builder & developer is a well-designed residential development in Chembur, Mumbai. It provides contemporary features, convenient connectivity, and peaceful living, all supported by the developer's long-standing heritage and adherence to excellence. Situated in a well-developed suburb with the best infrastructure and great connectivity, the project meets the needs of the city life while affording peace and ease of living.",2025-12-31 00:00:00,cmfxrvmuc0009qq138n0vk91p,Jain mandir ,"building no 10, subhash nagar redevelopment cluster, subhash nagar, chembur, mumbai, maharashtra 400071",400071,RESIDENTIAL,2BHK,2bhk,cmfxrvmud000eqq13dl82i5js,2,,,2.0,UNFURNISHED,[],False,,,Sell,https://pub-d28896f69c604ec5aa743cb0397740d9.r2.dev/1758705551547-58f19a494160e237.jpeg,705.14,18700000,"[""https://pub-d28896f69c604ec5aa743cb0397740d9.r2.dev/1758705551548-68b2c475624ac9aa.jpg""]",,Na,2025-09-24 09:19:14.532,2025-09-24 09:19:14.532,nan
cmfxrvmuc0009qq138n0vk91p,RESIDENTIAL,queens park,STANDALONE,queens-park-subhashnagar-chembur-mumbai-554402,,under construction,,"[""[\""P51800047377\""]""]",cmfw6qdtd0000vx6uelma0klf,cmf3ze56e0002vcf8e0hjqnsw,cmf50r5a00000vcj0k1iuocuu,cmf51ieam0001vcj0kljobiod,cmfxo3xxc0007qq13foyboh8s,"Queens Park by Vaibhavlaxmi builder & developer is a well-designed residential development in Chembur, Mumbai. It provides contemporary features, convenient connectivity, and peaceful living, all supported by the developer's long-standing heritage and adherence to excellence. Situated in a well-developed suburb with the best infrastructure and great connectivity, the project meets the needs of the city life while affording peace and ease of living.",2025-12-31 00:00:00,cmfxrvmuc0009qq138n0vk91p,Jain mandir ,"building no 10, subhash nagar redevelopment cluster, subhash nagar, chembur, mumbai, maharashtra 400071",400071,RESIDENTIAL,2BHK,2bhk,cmfxrvmud000eqq13dl82i5js,2,,,2.0,UNFURNISHED,[],False,,,Sell,https://pub-d28896f69c604ec5aa743cb0397740d9.r2.dev/1758705551549-35d879317c8edbda.jpeg,646.91,17200000,"[""https://pub-d28896f69c604ec5aa743cb0397740d9.r2.dev/1758705551550-8dd99bd7e0de26db.jpg""]",,Na,2025-09-24 09:19:14.532,2025-09-24 09:19:14.532,nan
cmfxrvmuc0009qq138n0vk91p,RESIDENTIAL,queens park,STANDALONE,queens-park-subhashnagar-chembur-mumbai-554402,,under construction,,"[""[\""P51800047377\""]""]",cmfw6qdtd0000vx6uelma0klf,cmf3ze56e0002vcf8e0hjqnsw,cmf50r5a00000vcj0k1iuocuu,cmf51ieam0001vcj0kljobiod,cmfxo3xxc0007qq13foyboh8s,"Queens Park by Vaibhavlaxmi builder & developer is a well-designed residential development in Chembur, Mumbai. It provides contemporary features, convenient connectivity, and peaceful living, all supported by the developer's long-standing heritage and adherence to excellence. Situated in a well-developed suburb with the best infrastructure and great connectivity, the project meets the needs of the city life while affording peace and ease of living.",2025-12-31 00:00:00,cmfxrvmuc0009qq138n0vk91p,Jain mandir ,"building no 10, subhash nagar redevelopment cluster, subhash nagar, chembur, mumbai, maharashtra 400071",400071,RESIDENTIAL,3BHK,3bhk,cmfxrvmud000hqq136m0p71jv,3,,,3.0,UNFURNISHED,[],False,,,Sell,https://pub-d28896f69c604ec5aa743cb0397740d9.r2.dev/1758705551551-788c3a56eab050d8.jpeg,901.26,23900000,"[""https://pub-d28896f69c604ec5aa743cb0397740d9.r2.dev/1758705551551-635af274c30c9045.jpg""]",,,2025-09-24 09:19:14.532,2025-09-24 09:19:14.532,nan
cmfxtgtbw0009vxov4t5onh7d,RESIDENTIAL,testring999,COMPLEX,testring999-somwarpeth-camp-pune-222053,,under construction,,"[""[\""asdfghjkl\""]""]",cmfw6qdtd0000vx6uelma0klf,cmf3ze56e0002vcf8e0hjqnsw,cmf6nu3ru000gvcxspxarll3v,cmf6pksk30035vcxs7r2mo3iq,cmfdkuymm0001vc90iiyzkr8d,dsgfhjk,2025-09-25 00:00:00,cmfxtgtbw0009vxov4t5onh7d,esrdfghbj,sdfghj,123456,RESIDENTIAL,3BHK,3bhk,cmfxtgtby000cvxovsdc7rfa6,9,,,9.0,UNFURNISHED,[],False,,,Sell,https://pub-d28896f69c604ec5aa743cb0397740d9.r2.dev/1758708115716-31db7b2bcb6394ec.webp,7.0,80000000,"[""https://pub-d28896f69c604ec5aa743cb0397740d9.r2.dev/1758708115716-b28e6ee1732f2e2b.webp""]",,sdfghjn,2025-09-24 10:03:42.333,2025-09-24 10:03:42.333,nan
cmfxwmse70001qq0908yt6oar,RESIDENTIAL,queens glory,STANDALONE,queens-glory-subhashnagar-chembur-mumbai-539772,,under construction,,"[""[\""P51800076971\""]""]",cmfw6qdtd0000vx6uelma0klf,cmf3ze56e0002vcf8e0hjqnsw,cmf50r5a00000vcj0k1iuocuu,cmf51ieam0001vcj0kljobiod,cmfxo3xxc0007qq13foyboh8s,"Queens Glory by VaibhavLaxmi Builders and Developers is a well-designed residential development in Chembur, Mumbai. It provides contemporary features, convenient connectivity, and peaceful living, all supported by the developer's long-standing heritage and adherence to excellence. Situated in a well-developed suburb with the best infrastructure and great connectivity, the project meets the needs of the city life while affording peace and ease of living.",2027-12-31 00:00:00,cmfxwmse70001qq0908yt6oar,Shri siddhivinayak ganesh temple,"building no 10, subhash nagar redevelopment cluster, subhash nagar, chembur, mumbai, maharashtra 400071",400076,RESIDENTIAL,1RK ,nan,cmfxwmse70004qq0987ge7h2b,1,,,1.0,UNFURNISHED,[],False,,,Sell,https://pub-d28896f69c604ec5aa743cb0397740d9.r2.dev/1758713537111-51daa54aa4442c6d.jpg,331.85,7944000,"[""https://pub-d28896f69c604ec5aa743cb0397740d9.r2.dev/1758713537116-09ebbf05ef9abbaa.jpg""]",,1 RK APARTMENTS,2025-09-24 11:32:19.903,2025-09-24 11:32:19.903,nan
cmfxxh08t0013qq09o0rajcrt,RESIDENTIAL,queens avenue,TOWNSHIP,queens-avenue-subhashnagar-chembur-mumbai-949624,,under construction,,"[""[\""P51800054458\""]""]",cmfw6qdtd0000vx6uelma0klf,cmf3ze56e0002vcf8e0hjqnsw,cmf50r5a00000vcj0k1iuocuu,cmf51ieam0001vcj0kljobiod,cmfxo3xxc0007qq13foyboh8s,"Vaibhavlaxmi Queens Avenue offers well-ventilated homes in Chembur East, combining luxury with modern living standards. With easy access to essential amenities, including schools, hospitals, and shopping malls, the project ensures a convenient lifestyle. Developed by Vaibhavlaxmi Developers, a renowned name in Mumbai's real estate sector, the project promises quality construction and timely delivery, making it a top choice for those seeking an ideal urban living experience.",2027-12-31 00:00:00,cmfxxh08t0013qq09o0rajcrt,Shri siddhivinayak ganesh temple,"subhash nagar, chembur, mumbai harbour, mumbai",400076,RESIDENTIAL,1BHK,1bhk,cmfxxh08t0016qq09wmpw7s17,1,,,1.0,UNFURNISHED,[],False,,,Sell,https://pub-d28896f69c604ec5aa743cb0397740d9.r2.dev/1758714944558-7c8147da421f3025.jpg,396.97,10700000,"[""https://pub-d28896f69c604ec5aa743cb0397740d9.r2.dev/1758714944560-7c164d7b1cc645f7.jpg""]",,,2025-09-24 11:55:49.757,2025-09-24 11:55:49.757,nan
cmfxxh08t0013qq09o0rajcrt,RESIDENTIAL,queens avenue,TOWNSHIP,queens-avenue-subhashnagar-chembur-mumbai-949624,,under construction,,"[""[\""P51800054458\""]""]",cmfw6qdtd0000vx6uelma0klf,cmf3ze56e0002vcf8e0hjqnsw,cmf50r5a00000vcj0k1iuocuu,cmf51ieam0001vcj0kljobiod,cmfxo3xxc0007qq13foyboh8s,"Vaibhavlaxmi Queens Avenue offers well-ventilated homes in Chembur East, combining luxury with modern living standards. With easy access to essential amenities, including schools, hospitals, and shopping malls, the project ensures a convenient lifestyle. Developed by Vaibhavlaxmi Developers, a renowned name in Mumbai's real estate sector, the project promises quality construction and timely delivery, making it a top choice for those seeking an ideal urban living experience.",2027-12-31 00:00:00,cmfxxh08t0013qq09o0rajcrt,Shri siddhivinayak ganesh temple,"subhash nagar, chembur, mumbai harbour, mumbai",400076,RESIDENTIAL,2BHK,2bhk,cmfxxh08u0018qq09k3wwm63q,2,,,4.0,UNFURNISHED,[],False,,,Sell,https://pub-d28896f69c604ec5aa743cb0397740d9.r2.dev/1758714944560-a72d3b85432ed5df.jpg,568.98,15300000,"[""https://pub-d28896f69c604ec5aa743cb0397740d9.r2.dev/1758714944561-7778f9768558b3c0.jpg""]",,,2025-09-24 11:55:49.757,2025-09-24 11:55:49.757,nan
cmfxxh08t0013qq09o0rajcrt,RESIDENTIAL,queens avenue,TOWNSHIP,queens-avenue-subhashnagar-chembur-mumbai-949624,,under construction,,"[""[\""P51800054458\""]""]",cmfw6qdtd0000vx6uelma0klf,cmf3ze56e0002vcf8e0hjqnsw,cmf50r5a00000vcj0k1iuocuu,cmf51ieam0001vcj0kljobiod,cmfxo3xxc0007qq13foyboh8s,"Vaibhavlaxmi Queens Avenue offers well-ventilated homes in Chembur East, combining luxury with modern living standards. With easy access to essential amenities, including schools, hospitals, and shopping malls, the project ensures a convenient lifestyle. Developed by Vaibhavlaxmi Developers, a renowned name in Mumbai's real estate sector, the project promises quality construction and timely delivery, making it a top choice for those seeking an ideal urban living experience.",2027-12-31 00:00:00,cmfxxh08t0013qq09o0rajcrt,Shri siddhivinayak ganesh temple,"subhash nagar, chembur, mumbai harbour, mumbai",400076,RESIDENTIAL,2BHK,2bhk,cmfxxh08u0018qq09k3wwm63q,2,,,2.0,UNFURNISHED,[],False,,,Sell,https://pub-d28896f69c604ec5aa743cb0397740d9.r2.dev/1758714944562-d6e4bab26b0d4fef.jpg,619.89,16700000,"[""https://pub-d28896f69c604ec5aa743cb0397740d9.r2.dev/1758714944562-e50632ef4ec31e1b.jpg""]",,,2025-09-24 11:55:49.757,2025-09-24 11:55:49.757,nan
